name,main_business,new_business,future,targeting_point,sources,confidence
에스케이하이닉스(주),"DRAM, NAND 플래시 등 메모리 반도체를 설계·제조·판매하는 회사로, 특히 AI 가속기용 고대역폭메모리(HBM)가 핵심 매출원이다. 2026년 1분기 매출 52.6조 원, 영업이익 37.6조 원(영업이익률 72%)의 사상 최대 실적을 기록하며 AI 메모리 시장을 주도하고 있다.","엔비디아 루빈 GPU용 HBM4를 당초 일정보다 6개월 앞당겨 양산에 돌입했고, 초기 HBM4 물량의 약 70%를 확보한 것으로 추정된다. 청주 M15X 팹(20조 원 이상 투자), 19조 원 규모 청주 첨단 패키징 팹(2027~2028년 준공), 미국 인디애나 약 38.7억 달러 첨단 패키징 시설 등 대규모 설비·고객 위탁 패키징 신사업에 투자 중이다.","HBM4·HBM5 등 차세대 AI 메모리와 16단 48GB HBM4, SOCAMM2, LPDDR6 등 AI 플랫폼용 차세대 제품으로 메모리 슈퍼사이클을 이어가는 것이 중장기 전략이다. 용인 클러스터 1단계(2027년 말 완공)로 생산능력을 확충하고, TSMC와의 'One-Team' 협력 및 고객 맞춤형 위탁 패키징으로 후공정 경쟁력을 강화한다.","SK하이닉스는 300mm 웨이퍼 팹의 5단계 완전 자동화를 목표로 하고 있어, 반도체 제조·패키징 공정의 로보틱스·자동화·MES/물류 자동화(AMHS) 역량을 강조하면 유리하다. 차세대 첨단 패키징(WLP, WT 등) 라인 신설과 연계해 정밀 자동화 장비·공정 엔지니어링 경험을 어필하면 타겟팅에 효과적이다.","SK하이닉스, 2026년 1분기 경영실적 발표 – SK hynix Newsroom: https://news.skhynix.co.kr/q1-2026-business-results/ | 2026 Market Outlook: SK hynix's HBM to Fuel AI Memory Boom – SK hynix Newsroom: https://news.skhynix.com/2026-market-outlook-focus-on-the-hbm-led-memory-supercycle/ | SK하이닉스 '19조 투자' 청주 첨단 패키징 공장 첫 삽 – 파이낸셜뉴스: https://www.fnnews.com/news/202604221403520981 | SK하이닉스 ""반도체 공장 완전 자동화 목표"" – 디일렉: https://www.thelec.kr/news/articleView.html?idxno=10889 | CES 2026: SK hynix Showcases Next-Gen AI Memory Innovations – SK hynix Newsroom: https://news.skhynix.com/sk-hynix-showcases-next-generation-ai-memory-innovations-at-ces-2026/",high
현대모비스(주),"현대모비스는 자동차 모듈(섀시/칵핏 등) 및 핵심부품 제조와 A/S 부품 사업으로 매출을 내는 글로벌 자동차 부품사로, 2025년 연결기준 매출 61.1조 원(모듈·부품 제조 47.8조, A/S 부품 13.3조), 영업이익 3.36조 원의 역대 최대 실적을 기록했다. 최근에는 전동화(배터리시스템·구동) 및 고부가 전장부품 비중 확대가 성장을 견인하고 있다.","현재 진행 중인 대표 신사업은 로보틱스로, CES 2026에서 계열사 보스턴다이내믹스를 첫 고객으로 정밀 액추에이터를 공급하기로 했으며(휴머노이드 아틀라스 2028년 연 3만 대 양산 목표 대응) 외부 고객 유치를 추진 중이다. 또한 북미 전동화 공장 가동, 차량용 반도체, SDV(소프트웨어 정의 차량)용 통합 제어기 등에 투자하고 있으며, 2026 상반기 신입 채용 직무에 배터리·BMS·자율주행·조향·IVI SW·로보틱스가 포함됐다.","현대차그룹은 2026~2030년 국내 125.2조 원 투자 중 AI·SDV·전동화·로보틱스·수소 등 미래 신사업에 50.5조 원을 배정했고, 현대모비스는 그 안에서 로보틱스 핵심부품(액추에이터)과 차량용 반도체, SDV 표준화를 중장기 성장축으로 삼고 있다. 자동차 부품을 넘어 '피지컬 AI'·로봇 부품 공급사로 사업 영역을 확장하는 방향이다.","로보틱스 지원자라면 정밀 액추에이터 설계, 부품 표준화·제조용이화(DFM), 휴머노이드 양산화 경험·관심을 강조하고, 자동차 부품 제조 역량과 로봇 부품을 연결하는 캡티브마켓(보스턴다이내믹스) 이해를 자소서에 녹이면 좋다. 자율주행·조향·전동화 시스템과 연계한 모션 제어/액추에이션 엔지니어링 역량도 효과적인 타겟팅 포인트다.","현대모비스 2025년 매출 61조1181억원·영업이익 3조3575억원…역대 최대 (이코노믹리뷰): https://www.econovill.com/news/articleView.html?idxno=727417 | 현대모비스, 신사업 '로보틱스' 캡티브마켓 돌파할까 (블로터/다음): https://v.daum.net/v/yM9jY9ZvW5 | 현대자동차그룹, 2030년까지 5년간 국내에 역대 최대 규모 125.2조 원 투자 (현대차그룹): https://www.hyundaimotorgroup.com/ko/news/CONT0000000000193232 | 현대모비스 채용공고 - 2026 상반기 신입 채용 (자소설닷컴): https://jasoseol.com/recruit/102712",high
네이버(주),"국내 1위 검색포털을 기반으로 한 광고(서치플랫폼, 2025년 4조1689억원)와 커머스(3조6884억원)가 주력이며, 핀테크(네이버페이), 콘텐츠(웹툰), 엔터프라이즈(클라우드)로 매출이 다각화돼 있다. 2025년 연결 매출 12조350억원, 영업이익 2조2081억원으로 사상 최대 실적을 기록했다.","전 사업에 자체 LLM(하이퍼클로바X)을 접목하는 AI 전환과 함께 '피지컬 AI'(현실 공간의 AI·로보틱스)를 신성장축으로 공격적으로 키우고 있다. 네이버클라우드-엔비디아 옴니버스/아이작 심 기반 피지컬 AI 플랫폼 공동개발 MOU, 드론 자율비행 기업 유비파이 등 로봇·드론 스타트업 투자, 국토부와의 이동로봇 상용화 협력 등 자체기술+투자 투트랙을 진행 중이다.","로봇친화 빌딩 '1784'에서 검증한 멀티로봇 제어(ARC)·자율주행 로봇(루키/누리)·디지털트윈 기술을 사우디 NHC, 일본 등 글로벌 도시 환경으로 수출하는 것이 중장기 먹거리다. 네이버랩스는 ""에이전트 AI의 다음 단계는 피지컬 공간의 AI""라며 3D 비전 파운데이션 모델(CROCO)과 공간지능을 핵심 경쟁력으로 삼고 있다.","클라우드 기반 멀티로봇 제어(ARC), 디지털트윈, 공간지능/3D 비전, 자율주행(실내 루키·실외 누리) 등 네이버랩스의 피지컬 AI 스택에 직접 연결되는 경험을 강조하라. 특히 엔비디아 Isaac Sim/Omniverse 시뮬레이션 기반 로봇 개발 역량과 '현장 적용형(상용화) 로보틱스' 경험이 차별화 포인트다.","네이버, 25년 4분기 및 연간 실적 발표 (NAVER Corp. 보도자료) https://navercorp.com/media/pressReleasesDetail?seq=34325 | 네이버, 피지컬 AI 밸류체인 전방위 포석…스타트업 투자·자체 기술 '투트랙' (CEOSCOREDAILY) https://www.ceoscoredaily.com/page/view/2026031216135300409 | 네이버랩스 '에이전트화 되는 AI 다음 단계는 피지컬 AI' (뉴스1) https://www.news1.kr/it-science/general-it/6193355 | 네이버, 국토부와 손잡고 이동 로봇 상용화 속도 (뉴스핌) https://www.newspim.com/news/view/20260527001083",high
엘에스전선(주),"국내 1위 전선·케이블 제조사로, 초고압 지중·해저케이블, 일반 전력선, 통신·산업용 케이블 등을 제조·판매한다. 2025년 연결 매출 약 7조5,882억원, 영업이익 약 2,798억원으로 역대 최대 실적을 냈으며, 초고압·해저케이블 중심의 글로벌 전력망 프로젝트가 매출을 견인한다.","자회사 LS그린링크를 통해 약 1조원을 투자한 미국 버지니아주 체사피크 해저케이블 공장(미국 최대 규모, 201m 케이블 생산타워·전용 항만 포함)을 착공해 2027년 준공 예정이며 330명 이상 고용을 창출한다. 국내에서는 강원 동해 공장의 HVDC 해저케이블 생산능력을 4배 이상 확대해 아시아 최대급 생산기반을 구축 중이고, 동해안-수도권 HVDC 2단계 등 대형 프로젝트를 수주하고 있다.","AI 데이터센터·전력망 수요 급증에 대응해 HVDC(초고압직류송전)와 해저케이블을 축으로 한 전력 인프라 통합 솔루션을 핵심 성장축으로 삼고 있으며, 525kV급 HVDC 케이블 상용화와 해상풍력·에너지고속도로 시장을 공략한다. 또한 LS일렉트릭·한전과 함께 세계 최초의 데이터센터용 초전도 전력망 구축을 추진하는 등 차세대 전력 인프라로 영역을 확장하고 있다.","해저케이블·HVDC 공장 증설과 미국 신공장 가동에 맞춰 설비효율화(기계/전자), 제품설계, 제어계측, R&D(고분자가공/열유동해석) 직무를 모집 중이므로, 케이블 생산공정 자동화·스마트팩토리·설비 제어/계측 역량과 대형 장비(생산타워) 엔지니어링 경험을 강조하면 효과적이다. 글로벌 생산기지 확대 흐름에 맞춰 자동화 라인 설계·설비 효율화 프로젝트 경험을 부각하는 것을 추천한다.","LS전선, 수주잔고 7.6조원…업황 호조에 실적도 신기록 - ZDNet Korea https://zdnet.co.kr/view/?no=20260330094513 | LS, 1조 들여 美최대 해저케이블 공장 짓는다 - 한국경제 https://www.hankyung.com/article/2025042941941 | LS전선·LS일렉트릭·한전, 세계 첫 '데이터센터용 초전도 전력망' 구축 맞손 - 일요주간 https://m.ilyoweekly.co.kr/news/newsview.php?ncode=1065601574210040 | LS전선 채용공고 - '26년 채용연계형 인턴 채용 - 자소설닷컴 https://jasoseol.com/recruit/103239",high
한국과학기술원,"한국과학기술원(KAIST)은 1971년 설립된 국내 대표 이공계 연구중심 국립대학으로, 교육·연구·기술사업화로 운영되며 정부 출연금과 연구과제 수주, 산학협력이 주요 재원이다. 반도체 산업 박사급 인력의 약 25%를 배출하고 1,350여 개 벤처기업을 창업시킨 세계적 연구·창업 거점이다.","현재 휴머노이드·보행 로봇 분야에서 활발한 연구가 진행 중으로, 12km 주행·문워크가 가능한 차세대 휴머노이드 로봇(Humanoids 2025, CoRL 2025 발표)과 항공기 조종 휴머노이드 PIBOT, 벽·천장을 오르는 산업용 보행 로봇을 개발하고 있다. 휴보(HUBO) 계보를 잇는 로봇 창업 붐이 확산되어 조선소·도심 현장 적용형 로봇 스타트업이 다수 배출되고 있다.","'비전 2031(글로벌 가치창출 선도대학)'을 통해 설립 60주년인 2031년까지 세계 10위권 대학 도약을 목표로 교육·연구·기술사업화·국제화·미래전략 5대 혁신을 3단계로 추진 중이다. 학부생 기업가정신 의무화, 창업 프로그램 석·박사 확대, 2031년까지 1개 이상 해외 캠퍼스 설치 등 기술사업화·국제화 중심 성장 전략을 펴고 있다.","KAIST의 휴머노이드/보행 로봇·무인시스템(자율주행, UAV, PIBOT) 연구 흐름과 휴보로 대표되는 로봇 상용화·창업 생태계에 본인의 로보틱스·제어·자동화 역량을 연결해 강조하면 좋다. 단순 연구를 넘어 산업현장(조선소·도심) 적용 및 기술사업화 기여 의지를 함께 드러내는 것이 차별점이다.","문워크 추는 차세대 휴머노이드 로봇 개발 - KAIST 연구뉴스 (https://www.kaist.ac.kr/researchnews/html/news/?mode=V&mng_no=52170) | 조선소와 도심을 누비는 차세대 로봇 / 로봇 창업 붐 확산 - KAIST 연구뉴스 (https://researchnews.kaist.ac.kr/researchnews/html/news/?mode=V&mng_no=52030) | KAIST, 비전 2031 수립...'글로벌 가치창출 선도대학' - 전자신문 (https://www.etnews.com/20180313000239)",medium
유니투스(주),"현대자동차그룹(현대모비스)의 부품 통합계열사로, 자동차 핵심부품을 전문 제조해 완성차에 공급합니다. 주력 제품은 전동화 부품(HEV 모터, PCU·ICCU·OBC, PE시스템), 헤드/리어램프, 에어백 등 안전부품, 전자제동부품(MEB·iMEB)입니다. 즉 부품 제조·납품이 주 매출원입니다.","전기차·하이브리드 전환에 맞춘 전동화 부품(모터, 전력변환장치, PE시스템) 생산 확대가 현재진행형 핵심 사업이며, 현대모비스 계열 차원에서 배터리·BMS·전동화 SW 등 관련 직무 채용이 진행되고 있습니다. 다만 유니투스 단독의 구체적 신규 투자·공장 증설 규모는 공개 정보 부족입니다.","회사는 경영목표로 ""제조기술력 확보·품질 안정화""와 ""업무 스마트화를 통한 미래 모빌리티 산업 선도""를 제시하며, 전동화 부품 중심의 제조 경쟁력 강화를 중장기 방향으로 삼고 있습니다. 모빌리티 전동화 흐름에 맞춘 부품 대량생산 역량 확보가 미래 먹거리로 보입니다. 구체적 중장기 투자 로드맵은 공개 정보 부족입니다.","전동화 부품(모터, 전력변환, 제동) 양산 라인의 제조 자동화·품질혁신 역량을 강조하고, 스마트팩토리·공정자동화·설비 제어 경험을 ""업무 스마트화"" 비전과 연결하면 효과적입니다. 대량 양산 환경에서의 로보틱스·자동화 설비 운영/개선 경험을 부각하는 것이 좋습니다.","유니투스 - 나무위키 https://namu.wiki/w/%EC%9C%A0%EB%8B%88%ED%88%AC%EC%8A%A4 | 유니투스 회사소개(사업분야/제품) https://www.unitus.co.kr/about/overview.php | 현대모비스, 모듈 및 부품 통합계열사 '모트라스와 유니투스(UNITUS)' 확정 - 다나와자동차 https://auto.danawa.com/news/?Tab=A&Work=detail&no=5162508 | 유니투스(그룹사) - 현대자동차그룹 https://www.hyundaimotorgroup.com/ko/group/CONT0000000000184319",medium
에이에스이코리아(주),"대만 ASE 그룹의 한국 법인(1967년 모토로라로 설립, 1999년 ASE 인수)으로, 경기도 파주에 위치한 반도체 후공정(OSAT) 전문 기업이다. 자동차용 파워 IC, 이미지/의료·산업용 센서, 무선통신 증폭기 등 다양한 반도체의 패키징 및 테스트로 매출을 낸다. 약 2,000명 규모로 통신·모바일·자동차·산업용 반도체 패키지 토탈 솔루션을 제공한다.","고부가가치 차세대 제품을 위해 이미지 센서, BGA 패키지, 테스트 분야에 지속 투자하고 있으며, 파주시 채용박람회 참여 등 반도체 생산직·개발직 신규 채용을 꾸준히 진행 중이다. 모기업 ASE 그룹 차원에서는 AI·HPC 수요에 대응해 2025년 CapEx를 약 10억 달러 증액하고 FOCoS-Bridge, SiP, 공동패키징광학(CPO) 등 첨단 패키징에 대규모 투자 중이다.","ASE 그룹은 AI/HPC 구동 첨단 패키징(LEAP, CoWoS·HBM 집적)을 핵심 성장축으로 삼아 LEAP 매출을 16억→32억 달러로 두 배 확대하고 2027년까지 AI 관련 CoWoS 조립 수주를 확보했다. R&D·인적자본·첨단 캐파와 함께 '스마트팩토리 인프라'에 집중 투자하며 다년간 성장을 추진하고 있다. 한국 법인도 이미지센서·고집적 패키지 등 고부가 차세대 제품으로 포트폴리오를 고도화하는 방향이다.","그룹이 스마트팩토리 인프라와 설비·자동화 CapEx(2025년 약 21억 달러)에 집중 투자하므로, 후공정 장비 자동화·공정 데이터 기반 개선·로봇/비전 검사 경험을 강조하면 좋다. 패키징·테스트 라인의 수율·생산성 향상에 기여한 자동화/엔지니어링 프로젝트 사례를 부각하는 것이 효과적이다.","에이에스이코리아 공식 홈페이지 https://www.asekr.com/ | ASE 그룹 - 나무위키 https://namu.wiki/w/ASE%20%EA%B7%B8%EB%A3%B9 | ASE Announces FOCoS-Bridge With TSV (Business Wire, 2025-05-28) https://www.businesswire.com/news/home/20250528142681/en/ | Chip Packaging Giant ASE to Boost 2025 CapEx by US$1B (TrendForce, 2025-10-31) https://www.trendforce.com/news/2025/10/31/news-chip-packaging-giant-ase-reportedly-to-boost-2025-capex-by-us1b-amid-strong-ai-and-hpc-demand/",medium
코리아써키트,"영풍그룹 계열의 인쇄회로기판(PCB) 제조 전문기업으로, 스마트폰용 HDI 기판, 반도체 패키지 기판(FC-BGA 등), 모듈용 PCB를 주력으로 매출을 낸다. 2025년 연결 매출은 약 1조5천억원대 규모로 추정되며 매출 구성은 PCB 약 63%, FPCB 약 31%, 반도체(패키지) 기판 약 6% 수준이다.","고부가 반도체 패키지 기판인 FC-BGA(플립칩-볼그리드 어레이) 사업을 본격화하며, 통신용 FC-BGA에 집중해 약 2,000억원 규모의 시설투자를 단행했다. 또한 자동화시스템 부문 경력 채용(C#/Java/JS, DB 설계, 설비기술, PCB 공정·품질 엔지니어 등)을 진행 중이며, 2025년 말 영풍그룹 PCB 사업을 코리아써키트로 일원화하는 지배구조 정비도 추진했다.",서버·노트북·전장(자동차)·AI용 고부가 FC-BGA 비중을 확대해 향후 반도체 기판 매출이 스마트폰 주력 HDI 기판을 넘어서는 것을 목표로 한다. 반도체·모듈 PCB 매출 성장세를 기반으로 한 실적 턴어라운드와 통신용 패키지 기판 차별화 경쟁력 강화가 중장기 성장 축이다.,"PCB 제조라인 자동화·설비기술 및 자동화시스템(생산 데이터·DB 설계, 설비 제어) 역량을 강조하면 현재 진행 중인 자동화 부문 채용과 직접 연결된다. FC-BGA 고정밀 기판 양산 확대에 맞춰 공정 자동화·품질 검사 자동화, 스마트팩토리/MES 연동 엔지니어링 경험을 어필하는 것이 효과적이다.","코리아써키트, 반도체·모듈 PCB 매출 성장세 '지속'…올해 턴어라운드 주목 (네이트/뉴스) https://news.nate.com/view/20250818n03425 | 코리아써키트, FC-BGA에 내년 2000억 시설투자 (전자신문) https://m.etnews.com/20211216000064 | 영풍, PCB 사업 코리아써키트로 일원화 (경제일보/이코노믹데일리) http://www.kyungjeilbo.com/view/20251209173946289 | 코리아써키트 채용 - 자동화시스템 부문 경력 모집 (사람인) https://www.saramin.co.kr/zf_user/company-info/view/csn/ckRtZ3JWeVBlOVRpamJZTHBLZHdTUT09",medium
한국생산기술연구원,"산업통상자원부 산하 정부출연연구기관(비영리)으로, 매출보다는 정부출연금·국가 R&D 과제·기업지원 수탁사업으로 운영된다. 생산기술 분야 산업 원천기술 개발과 실용화, 중소·중견기업 기술지원(기술상담·개방형실험실·렌탈랩 등)이 핵심이며, 3대 중점 연구분야는 지능화뿌리기술, 인간중심생산기술, 지속가능기술이다.","현재 산업용 AI·디지털 트윈·로봇 SI 등 지능화 기술로 뿌리산업을 첨단화하는 사업과, AI 융합 무금형 디지털 제조 기반 미래모빌리티 부품 DX 혁신지원, 중소조선기업 디지털 생산역량 강화, 뿌리기업 기술첨단화 지원 등을 추진 중이다. 2026년에는 인간 공존형 로봇 메커니즘, 첨단로봇 활용 공정 최적화, AI 기반 디지털 자동화 시스템, 자율제조 기술 분야 연구직을 채용하고 있다.","제조업의 지능화·자율제조(인공지능+로봇 기반 자율제조), 인간중심 생산기술(인간-기계 협업·작업자 안전), 그리고 배출제로·녹색전환·무탄소 제조 등 지속가능 제조 생태계 구축을 중장기 성장축으로 삼고 있다. 뿌리기술을 미래 첨단산업으로 전환하고 중소·중견기업을 육성하는 방향을 지향한다.","로봇 SI·공정 자동화·디지털 트윈·자율제조 등 '제조 현장 적용형' 로보틱스 역량과 중소·중견 제조기업 기술지원 경험을 강조하는 것이 효과적이다. 인간 공존형 로봇, 협동로봇 안전, AI 기반 공정 최적화 프로젝트 경험을 KITECH의 3대 중점분야와 연결해 어필하면 좋다.","KITECH 설립목적·3대 중점분야 (지능화뿌리기술·인간중심생산기술·지속가능기술) - https://www.kitech.re.kr/introduce/purpose | 한국생산기술연구원 2026년 채용정보·자기소개서 문항(인간 공존형 로봇, 첨단로봇 공정 최적화, AI 디지털 자동화) - https://jasoseol.com/companies/978/careers | 2026년도 로봇활용 제조혁신 지원사업 공고 - 한국로봇산업진흥원 https://kiria.org/portal/main.do",medium
한양이엔지(주),"반도체·디스플레이 생산라인의 초고순도(UHP) 가스 공급 시스템, 화학물질 배관, 클린룸 설비를 설계·시공하는 반도체 인프라 1위 기업이다. 삼성전자·SK하이닉스 등의 팹 증설 엔지니어링 수주가 핵심 매출원으로, 2022년 연결 매출 약 1조 1,629억 원 중 엔지니어링사업부가 9,711억 원을 차지한다. 그 외 산업플랜트, 환경·그린에너지 등도 사업 영역에 포함된다.","반도체에서 축적한 초고순도 가스 제어 및 극저온·고압 정밀 설계 기술을 우주발사체 연료 인프라 분야로 확장 중이다. 누리호 발사대·시험설비 구축 경험을 바탕으로 한국형발사체 성능개량사업, 소형발사체 개발사업 등 뉴스페이스 영역에 참여하고 있다. 2025년 대졸 신입 공채에서 시공관리·설계·견적·품질·해외영업 등 전 직무를 폭넓게 모집했다.",AI 서버·HBM 수요로 촉발된 반도체 설비투자 빅사이클에 따라 2026년부터 매출·이익 동반 성장을 기대하는 것이 1차 성장축이다. 동시에 민간 주도 우주산업(뉴스페이스) 확대에 대응한 발사 인프라·시험설비 사업을 중장기 신성장 동력으로 육성하고 있다.,"로보틱스/자동화 지원자라면 클린룸·UHP 배관 등 반도체 팹의 정밀 공정 환경에서의 진동·오염 제어, 극저온·고압 안전설계와 자동화 설비 경험을 연결해 강조하면 좋다. 다만 공개된 자료상 사내 로봇·스마트팩토리 사업이 명시되지 않으므로, 정밀 엔지니어링·공정 자동화 역량으로 접근하는 것이 효과적이다.",반도체 인프라 1위의 변신… 우주항공까지 손 뻗은 한양이엔지 (핀포인트뉴스) https://www.pinpointnews.co.kr/news/articleViewAmp.html?idxno=431943 | [스페셜리포트] 우주시대 이끈 기계설비업체 '한양이엔지' (한국기계설비신문) http://www.kmecnews.co.kr/news/articleView.html?idxno=26075 | 한양이엔지(주) 2026년 기업정보 - 사람인 https://www.saramin.co.kr/zf_user/company-info/view/csn/MTM2dFdzTU9MQTJrWk40emlsR1ZLQT09/company_nm/%ED%95%9C%EC%96%91%EC%9D%B4%EC%97%94%EC%A7%80(%EC%A3%BC),medium
(주)에이치엘클레무브,"HL그룹(옛 한라그룹) 계열 자율주행 부품 전문기업으로, 2021년 12월 만도헬라일렉트로닉스와 만도모빌리티솔루션즈 합병으로 출범했다. 레이더, 카메라, 라이다 등 ADAS(첨단 운전자 지원 시스템) 센서와 자율주행 통합제어기(ADCU)를 현대차·기아 등 완성차에 공급해 매출을 낸다. 2025년 상반기 매출 약 9,069억원으로 전년 동기 대비 20.2% 성장했다.","4D 이미징 레이더, 고해상도 카메라, 고정형 라이다, 실내 승객감지센서, 고성능 자율주행 통합제어기 등 완전자율주행 핵심 제품의 상용화를 추진 중이다. 인도 첸나이 공장에서 2025년 4월 첫 레이더 양산을 시작했고 북미 매출이 급성장(HL만도 북미 매출 비중 2023년 4.1%→2025년 상반기 22.6%) 중이며, 2026년 상반기 Radar 제품 PM 및 R&D 경력직 등 대규모 채용을 진행하고 있다.","북미·중국(쑤저우)·인도(첸나이, 벵갈루루 R&D) 글로벌 거점을 확대하고 현대차·기아 외 북미·중국 전기차 스타트업으로 공급처를 다변화해 2030년 매출 4조원을 목표로 한다. 차세대 고성능 컴퓨팅(HPC) 기반 첨단 자율주행 통합제어기 개발에 집중하며 완전자율주행 대응 역량을 강화하고 있다.","레이더/라이다/카메라 센서 신호처리, 센서 퓨전, 자율주행 통합제어기(ADCU)·고성능 컴퓨팅(HPC) 임베디드 개발 경험을 강조하면 좋다. 양산 자동화·글로벌 공장 셋업(인도·북미) 경험이나 ADAS 검증·테스트 자동화 역량도 현재진행형 사업과 직결되는 타겟팅 포인트다.","만도 자율주행 자회사 HL클레무브 공식 출범...2030년 매출 4조원 목표 - 디일렉, https://www.thelec.kr/news/articleView.html?idxno=15301 | 자율주행 부품 존재감…HL클레무브, 북미 매출 급성장 - 머니투데이, https://www.mt.co.kr/industry/2025/08/21/2025082014554813173 | HL클레무브, 차세대 고성능 컴퓨팅 개발…첨단 자율주행 대응 - 전자신문, https://www.etnews.com/20250912000254 | [(주)에이치엘클레무브] 2026 상반기 R&D 경력직/Radar 제품 PM 채용 - 사람인/비즈니스피플, https://www.saramin.co.kr/zf_user/jobs/relay/view?rec_idx=52593317",high
(주)모베이스전자,"스마트키 모듈, 타이어공기압감지시스템(TPMS), 바디도메인컨트롤러(BDC) 등 자동차 전장부품을 설계·생산해 완성차에 공급하는 기업으로, 현대차·기아 매출 비중이 약 67~70%에 달한다. 2024년 처음으로 연결 매출 1조원(약 1조434억원)을 돌파했다.","2026년부터 6년간 현대차그룹에 약 1조원 규모(연 약 1670억원)의 바디도메인컨트롤러(BDC)를 공급하며, 동시에 AI 정밀제어 기술을 적용한 로봇용 그리퍼(로봇손)를 개발해 로봇 부품 시장에 본격 진출했다. 현대차 모빌리티 로봇 '모베드(MobED)'에 메인보드와 와이어링을 공급 중이며, 로봇 R&D 인력을 50명 추가 확충할 계획이다.","피지컬 AI(로보틱스)를 미래 먹거리로 보고 자동차 전장 기술을 로봇 산업으로 확장하는 사업 다각화를 추진하며, 향후 5년간 매출 20% 성장을 목표로 한다. 전기차용 무선충전 시스템·BMS/BMM 등 전동화 부품과 로봇 부품을 양대 축으로 키우려 한다.","로봇 그리퍼의 파지력·정밀제어, 센서/카메라 기반 인식, 전장 제어기(BDC) 임베디드 등이 핵심이므로, 정밀 액추에이터·힘 제어·모션 제어, AI 기반 제어, 임베디드 HW/SW 역량을 강조하면 효과적이다. 자동차 전장에서 로봇으로의 기술 전이 경험이나 양산화 엔지니어링 경험을 어필하면 차별화된다.","올해 주가 163% 폭등, 현대차+로봇 '이 회사'…'5년 내 매출 20% 늘린다' - 헤럴드경제 (https://biz.heraldcorp.com/article/10707196) | 모베이스전자 주가 19% 급등…로봇 그리퍼 진출 선언에 1조 장기 수주 재조명 - 한투데이 (https://www.hantoday.net/news/articleView.html?idxno=52562) | '생산 효율화·해외 자회사 덕'…모베이스전자, 지난해 순이익 184억원 달성 - 뉴데일리 (https://biz.newdaily.co.kr/site/data/html/2025/02/26/2025022600288.html)",high
동서식품(주),"맥심·카누·맥스웰하우스 등 커피믹스와 인스턴트 커피를 핵심으로 하며, 그 외 커피크림(프리마), 시리얼, 곡물차를 제조·판매하는 국내 1위 커피 가공 기업이다. 커피믹스가 전체 매출의 절대 비중을 차지하며 부평·창원 공장에서 생산한다.","건강 트렌드에 대응한 '맥심 모카골드 제로슈거' 등 무설탕 커피믹스를 출시했고, '카누 바리스타'로 캡슐커피 시장에 진출했다. 또한 '맥심 티오피' 중심의 프리미엄 RTD(즉석음용) 커피를 새 성장축으로 키우며 부평·창원 공장에 스마트팩토리(약 418억원 투자)를 구축해 생산 공정을 자동화하고 있다.","커피믹스 시장 정체와 해외 수출 한계를 캡슐커피·RTD 커피 등 프리미엄·건강지향 제품으로 돌파하려 하며, 동남아·북미 등 해외 시장 진출 가능성이 거론된다. 스마트팩토리 기반의 생산 효율화와 제품 포트폴리오 다변화가 중장기 전략의 핵심이다.","부평·창원 스마트팩토리(생산계획·설비상태·재고를 시스템이 자동 판단하는 자동화 공정) 운영·고도화 경험을 부각하고, 식품 제조라인의 MES·공정자동화·설비 효율화 역량을 연결하면 좋다. 자동화로 생산성과 품질 일관성을 높인 사례를 정량 성과와 함께 제시하면 효과적이다.","맥심·카누 잘 팔렸네…동서식품, 지난해 영업익 6.2%↑ - 뉴스1 https://www.news1.kr/industry/distribution/5730530 | 동서식품, 창원공장에 스마트팩토리 구축 - 식품저널 http://www.foodnews.co.kr/news/articleView.html?idxno=97953 | 동서식품, 프리미엄 RTD가 끌고 캡슐이 밀고…최고 실적 비결은? - 더밸류뉴스 https://www.thevaluenews.co.kr/news/190269 | 해외 진출 막힌 맥심 커피믹스…동서식품, 캡슐커피·RTD커피서 경쟁력 확보 - 위키리크스한국 http://www.wikileaks-kr.org/news/articleView.html?idxno=159297",medium
(주)화신,"1975년 설립된 코스피 상장 자동차 부품사로, 현대기아차그룹을 핵심 고객으로 자동차 섀시(Chassis)·보디(Body) 부품을 모듈품·개별품 형태로 납품한다. 매출의 약 70% 이상이 서스펜션 모듈, 암(Arm), 프레임, 오일팬, 브래킷 등 섀시 부문에서 발생한다.","기존 섀시 프레스·용접 기술을 기반으로 전기차 배터리팩 케이스 사업에 진출해 영천 신공장 건설, 인도 푸네·미국 조지아 글로벌 거점 확장을 진행 중이다. 또한 현대차그룹 조지아 메타플랜트 가동에 맞춰 전동화(Electrification) 부품 공급을 단계적으로 확대하고 있다.","섀시·배터리 케이스 기술을 휴머노이드 로봇의 팔다리·바디 모듈로 확장해 '휴머노이드 밸류체인' 진입을 노리는 것이 중장기 핵심 성장축이다. 증권가는 로봇 바디 모듈을 산업 개화기 초기 진입 기회로 평가하며, 배터리 케이스 매출 증가와 로봇 모듈 수주 기대를 투자 포인트로 제시했다(삼성증권 매수 의견).","금속 성형·프레스·용접·차체 구조설계 등 섀시 제조 역량이 배터리 케이스와 로봇 바디 모듈로 전이되는 흐름이므로, 구조해석·경량화·자동화 용접/조립 라인 경험을 강조하면 좋다. 특히 전동화·로보틱스 신사업과 글로벌 공장(조지아·푸네) 스마트팩토리 자동화 연계 역량을 부각하는 것이 효과적이다.","[특징주] 화신, 로봇·배터리 사업 기대감에 장 초반 29% ↑ '상한가' - 이투데이, https://www.etoday.co.kr/news/view/2593989 | 화신, 로봇 바디 모듈로 '휴머노이드 밸류체인' 진입 주목 - 뉴스프라임, https://www.newsprime.co.kr/news/article/?no=736786 | 화신(010690) 섀시 기술을 기반으로 두번째 피봇을 기대 - 삼성증권 리포트, https://samsungpop.com/common.do?cmd=down&fileName=2010%2F2026021315510111K_02_08.pdf | 회사개요 | 화신그룹 | (주)화신, https://www.hwashin.co.kr/kr/group/group_summary.do",high
(주)아이아이컴바인드,"아이웨어 브랜드 '젠틀몬스터(GENTLE MONSTER)'를 핵심으로 안경·선글라스를 제조·판매하는 글로벌 패션 아이웨어 기업이며, 젠틀몬스터가 그룹 매출의 약 80%를 차지한다. 향수·스킨케어 '탬버린즈(TAMBURINS)', 디저트·티하우스 '누데이크(NUDAKE)' 등 라이프스타일 브랜드를 함께 전개한다.","'어디에도 없는 공간'을 표방하는 미래형 통합 리테일 플랫폼 '하우스 노웨어(HAUS NOWHERE)'를 도산·상하이·선전에 이어 서울(성수)까지 확장하며 그룹 브랜드를 통합 전시하는 신사업을 추진 중이다. 매장 내 움직이는 대형 키네틱 로봇 조형물, 로봇 팔, AI 기반 촬영 콘텐츠 등 로보틱스·자동화 기반의 실험적 공간 연출에 대규모로 투자하고 있다.","아시아 사모펀드 ZWC 파트너스로부터 신규 투자를 유치하며 약 3조3500억원의 기업가치를 평가받았고, 매출 1조원 행보를 목표로 라이프스타일 포트폴리오와 글로벌 리테일 확장을 가속하고 있다. 브랜드 경험을 로봇·AI·공간 기술과 결합한 '미래형 리테일'을 중장기 성장축으로 삼고 있다.","젠틀몬스터/하우스 노웨어 매장의 키네틱 로봇 조형물·로봇 팔 설치물처럼 '예술·브랜드 경험과 결합된 로보틱스·기구 설계·모션 제어' 역량을 강조하면 좋다. 3D 모델링, 액추에이터 기반 무빙 오브제, 전시용 자동화 시스템 설계 경험을 브랜드 세계관 구현 관점과 연결해 어필하는 것이 효과적이다.","아이아이컴바인드 - 나무위키 https://namu.wiki/w/%EC%95%84%EC%9D%B4%EC%95%84%EC%9D%B4%EC%BB%B4%EB%B0%94%EC%9D%B8%EB%93%9C | 패션비즈 | 아이아이컴바인드, 新공간·브랜드 정식 오픈… 1조 행보 가속 https://fashionbiz.co.kr/article/219266 | 성수동에 착륙한 젠틀몬스터의 미래 실험 (HAUS NOWHERE SEOUL) | Design+ https://design.co.kr/article/133618 | 젠틀몬스터 모회사 아이아이컴바인드, 신규 투자 유치 (ZWC 파트너스) | WWD코리아 https://www.wwdkorea.com/news/articleView.html?idxno=10897",medium
(주)엘티엔터테인먼트,"제주 드림타워 복합리조트 내 외국인 전용 카지노 '드림타워 카지노'를 운영하는 회사로, 롯데관광개발의 종속회사입니다. 매출의 대부분이 카지노(테이블·머신 게임) 영업에서 발생하며, 2025년 카지노 매출은 약 4,766억원(전년 대비 +61.8%)을 기록했습니다.",드림타워 이용객 급증(2025년 카지노 이용객 약 59만명)에 따라 모회사 롯데관광개발 차원에서 객실·식음·컨시어지·카지노 딜러 등 400명 규모 대규모 공개채용을 진행했습니다. 또한 그룹 차원에서 여행 부문 크루즈 사업(글로벌 선사 코스타와 전세선 계약)을 강화하는 등 복합리조트·관광 사업 외연을 넓히고 있습니다.,"개장 이후 첫 흑자 전환(2025년 모회사 당기순이익 276억원, EBITDA 87% 증가)에 성공하며 카지노 매출 5,000억원대 진입을 노리는 등 외국인 카지노+복합리조트 수익 극대화가 핵심 성장축입니다. 중장기적으로 크루즈 연계 인바운드 관광, 마이스(MICE)·리조트 운영 고도화로 확장하려는 방향이나, 로보틱스 등 기술 분야 구체 전략은 공개 정보 부족입니다.","순수 로보틱스 직무보다는 카지노·리조트 운영 효율화 관점에서 스마트 게이밍 시스템, 시설·보안 자동화, 데이터/IoT 기반 운영 최적화 경험을 부각하는 것이 적합합니다. 다만 이 회사는 카지노 운영 중심이라 로보틱스/엔지니어링 채용 연관성이 낮으므로, 자동화 역량을 '고객경험·운영 효율 개선'이라는 호스피탈리티 비즈니스 가치와 연결해 어필하는 것이 좋습니다.","롯데관광개발, 지난해 당기순이익 276억 '흑자 전환'…카지노가 견인 (다음/뉴스): https://v.daum.net/v/20260319171400641 | 카지노 선전 롯데관광개발, 크루즈 사업으로 내년 더 기대 (에너지경제): https://m.ekn.kr/view.php?key=20251114023527357 | 롯데관광개발(주) 제주 드림타워 대규모 공개채용 (법률저널): https://www.lec.co.kr/news/articleView.html?idxno=716775 | (주)엘티엔터테인먼트 2025년 기업정보 (사람인): https://www.saramin.co.kr/zf_user/company-info/view/csn/TFkvTjUrQlBaaHNQNTJKU3FIeVdHZz09",medium
엠이엠씨코리아(주),"반도체 소자용 실리콘 웨이퍼를 제조·판매하는 회사로, 충남 천안에서 8인치~12인치(300mm) 단결정 실리콘 웨이퍼를 생산해 삼성전자 등 반도체 제조사에 공급한다. 1990년 MEMC·삼성전자·포항제철 합작으로 설립됐으며 현재는 대만 글로벌웨이퍼스(GlobalWafers) 그룹의 자회사다.","2018~2020년 약 4.6억 달러를 투자해 천안 제2공장(2019년 준공)을 세워 300mm 웨이퍼 생산능력을 대폭 확대했고, OCI 폴리실리콘을 원료로 한 웨이퍼의 삼성전자 양산 승인을 받아 국산 원료 기반 공급을 진행했다. 천안 공장의 300mm 웨이퍼 월 12만장 증설도 추진된 것으로 보도됐다. (확정 시점은 공개 정보 부족)",모회사 글로벌웨이퍼스 차원에서 전기차·전력반도체용 SiC(실리콘카바이드) 웨이퍼 양산에 1~2조원대 대규모 투자를 추진하는 등 차세대 화합물 웨이퍼와 300mm 첨단 웨이퍼 증설이 중장기 성장축이다. 국내에서의 SiC 사업 구체 계획은 공개 정보 부족.,"웨이퍼 제조는 결정성장·슬라이싱·연마·검사 등 고도 자동화 공정 비중이 크므로, 반도체 장비 제어·공정 자동화(SECS/GEM, MES)·로봇 기반 핸들링·머신비전 검사 경험을 강조하면 좋다. 고청정·고정밀 양산 환경에서의 설비 안정화·수율 개선 프로젝트 경험이 타겟팅 포인트다.","3자 협업(삼성전자-MEMC-OCI)으로 웨이퍼 자급률 높였다 — 서울경제 https://www.sedaily.com/article/13030266 | 엠이엠씨코리아 — 나무위키 https://namu.wiki/w/%EC%97%A0%EC%9D%B4%EC%97%A0%EC%94%A8%EC%BD%94%EB%A6%AC%EC%95%84 | 대만 글로벌웨이퍼스, 한국 천안 공장 300mm웨이퍼 월12만장 증설 — 디일렉 https://www.thelec.kr/news/articleView.html?idxno=223 | HBM 이어 SiC웨이퍼도 증설 경쟁 — 뉴데일리 https://biz.newdaily.co.kr/site/data/html/2023/11/09/2023110900165.html",medium
한국과학기술연구원,"한국과학기술연구원(KIST)은 1966년 설립된 국내 최초의 정부출연 종합연구기관으로, 매출보다는 정부 출연금과 국가 R&D 과제 수탁을 기반으로 운영된다. 뇌과학, 차세대 반도체, AI·로봇, 바이오·의료, 청정기술, 첨단소재 등 융합형 원천기술 연구개발이 핵심 사업이다.","2026~2030년 정부(과기정통부)가 504억원을 투입하는 '민관협력 기반 휴머노이드 원천기술 고도화(K-휴머노이드)' 사업에 LG전자, LG에너지솔루션, 위로보틱스 등과 원팀으로 착수했다. KIST 독자기술 'KAPEX' 기반 양산형 로봇 하드웨어와 시각·촉각·언어·행동 통합 AI 모델, 전고체 배터리 적용 로봇을 개발하고 의료·돌봄 시설에서 실증한다.","고령사회, 환경, 에너지, 식량, 수자원 등 미래 사회 난제 대응을 중장기 전략으로 삼아 융복합 연구와 개방형 협력을 확대하고 있다. AI 기반 인터랙티브 로봇 가구, 다중 로봇 협업 시스템, 초개인화 스마트 공간 등 인간 중심 로봇 서비스 연구를 지속 확대할 계획이다.","KAPEX 액추에이터 등 로봇 하드웨어 설계, VLA(시각언어행동) 기반 자율 작업·환경 인식 AI, 다중 로봇 협업 등 휴머노이드 핵심기술 경험을 강조하면 좋다. 또한 연구성과의 양산·현장 적용(의료·돌봄 실증)을 지향하는 만큼 산학연 협업과 실증 프로젝트 경험을 부각하면 효과적이다.",민관 협력 'K-휴머노이드' 개발 본격 착수…KIST·LG 원팀 구축 - 로봇신문 https://www.irobotnews.com/news/articleView.html?idxno=46433 | KIST AI·로봇연구소 연구소개 - 한국과학기술연구원 https://www.kist.re.kr/ko/research/new-airobot-data-recent-research.do | 한국과학기술연구원 공식 홈페이지 https://www.kist.re.kr/,high
(주)하이브,"멀티레이블 체제(빅히트뮤직, 플레디스, 어도어 등)를 통한 아티스트 매니지먼트와 음반·음원, 공연 투어, MD/IP 라이선싱이 핵심 매출원이다. 2025년 연 매출 약 2조 6,499억 원의 역대 최대 실적을 기록했으며, 2025년 기준 음반과 공연이 각각 약 29%로 양대 축을 이룬다.","팬 커뮤니티·커머스 슈퍼앱 '위버스(Weverse)'를 SM·YG(블랙핑크) 등 경쟁사 아티스트까지 입점시켜 K-pop 산업 표준 플랫폼으로 키우고 있으며, 구독 모델 도입 등으로 2025년 연간 흑자 전환을 달성했다. 게임 사업('아키텍트: 랜드 오브 엑자일' 출시·마케팅), 게임 플랫폼 SDK(DRIMAGE) 및 위버스 프로덕트 개발 인력 채용 등 테크 기반 신사업을 현재진행형으로 확대 중이다.","'하이브 2.0' 전략 아래 음악·플랫폼·테크 기반 미래성장 3대 영역으로 사업을 재편하고, 2026년을 '투자에서 실현의 해'로 규정해 BTS 완전체 복귀와 사업 개편 효과 가시화를 노린다. AI 기반 프로슈머 마켓 주도권 확보, IP 영속성, 글로벌 거버넌스 확대를 중장기 핵심 과제로 제시하며 '엔터'를 넘어 '플랫폼' 밸류에이션 전환을 지향한다.","하이브는 순수 로보틱스 기업이 아니므로, 위버스 슈퍼앱·게임 플랫폼 SDK·AI 음성/콘텐츠 등 '테크 기반 미래성장' 영역과 자신의 자동화·엔지니어링 역량(대규모 트래픽 처리, AI/데이터 파이프라인, 멀티플랫폼 연동 자동화)을 연결해 팬 경험 혁신에 기여할 수 있음을 강조하면 좋다. 단, 물리 로봇보다는 소프트웨어 자동화·AI 적용 관점으로 타겟팅하는 것이 적합하다.","역대 최대 매출 달성한 하이브, 2026년에도 글로벌 확대 - 바이라인네트워크: https://byline.network/2026/02/ | 하이브, 신규 IP 데뷔로 숨고르기...2026년 BTS 완전체·사업 개편 효과 가시화 - 테크M: https://www.techm.kr/news/articleView.html?idxno=146473 | 투자의 해를 넘어 실현의 해로… 하이브 2.0, 2026년 본격 성과 예고 - 뉴스탭: https://www.newstap.co.kr/news/articleView.html?idxno=319557 | [DRIMAGE] 게임 플랫폼 SDK 개발 - (주)하이브 채용: https://careers.hybecorp.com/ko/o/154320",high
하나마이크론(주),"반도체 후공정(패키징 및 테스트)을 핵심으로 하는 OSAT(외주 반도체 패키지·테스트) 전문기업으로, 반도체 제조부문이 전체 매출의 약 76%를 차지한다. 자회사를 통한 반도체 재료(약 17%) 사업도 병행하며, 2025년 연결 매출은 약 1조 5,344억원 규모로 모바일용 D램 Stack Chip 등 고부가 제품 출하 확대가 실적을 견인했다.","베트남 법인(하나마이크론비나)을 통해 박장·박닌 지역에 레거시 메모리칩 패키징 증설을 위한 대규모 투자를 진행 중이며, 2026년 박장 2공장 완공을 목표로 한다. 증설 준비 차원에서 베트남 생산직 인력 500명을 긴급 채용했고, 누적 수천억원 투자로 베트남 패키징 물량을 월 5,000만 개에서 2억 개 수준까지 확대하는 것을 목표로 한다.","HBM 등 복수 칩을 수평 연결하는 2.5D 첨단 패키징(자체 명명 'HIC, Heterogeneously Integrated Chip')을 신성장 동력으로 추진하며, 파일럿 라인 구축 및 팹리스 고객사와의 양산 전제 개발 협의를 진행 중이다. 2.5D를 포함한 첨단 패키징 시장이 2028년 약 105조원으로 성장할 것이라는 전망에 대응해 AI·고성능 반도체용 어드밴스드 패키징 사업화에 무게를 둔다.","대규모 라인 증설과 첨단 패키징(2.5D/HIC) 양산화가 동시에 진행 중이므로, 패키징·테스트 공정 자동화, 장비 셋업·반송 시스템, 스마트팩토리/공정 데이터 기반 수율 개선 경험을 강조하면 강력하다. 베트남 등 해외 신공장 양산 안정화에 기여할 수 있는 자동화 엔지니어링 역량과 다품종 대량생산 라인 최적화 사례를 부각하는 것이 효과적이다.","하나마이크론, 2.5D 패키징 사업 진출…파일럿 라인 구축, 상용화 추진 - 전자신문, https://www.etnews.com/20240719000055 | 하나마이크론, 베트남법인 투자 박차…효율성·수익성 강화 - 딜사이트, https://dealsite.co.kr/articles/150906/068020 | 하나마이크론 100조 AI 반도체 패키징 진출 - 한국경제, https://www.hankyung.com/article/2024031887661 | 외국기업들, 베트남 반도체 후공정 투자 활발…앰코·하나마이크론 등 - 인사이드비나, https://www.insidevina.com/news/articleView.html?idxno=29274",high
(주)휴먼코아,"2001~2002년 설립된 종합 HR(인사) 서비스 기업으로, 인재파견·헤드헌팅·채용대행(RPO)과 급여·보험·복리후생·노무관리 등 TOTAL 인사관리대행을 통해 매출을 냅니다. 2010년 고용노동부 '근로자파견 우수기업' 인증을 받았고, 유통·물류·외식 등 다양한 산업군에 인력을 공급합니다.",현재 잡코리아 기준 진행 중인 채용공고는 외식(CHAGEE 밀크티 매장 운영 인력)과 외국계 기업 물류·자재·출고관리 인력 파견에 집중되어 있습니다. 로보틱스/자동화/엔지니어링 관련 신사업이나 대규모 투자에 대한 공개 정보는 부족합니다.,"취업컨설팅, 커리어코칭, 아웃플레이스먼트, 직업훈련 수료자 고용지원센터 운영 등 HR 서비스 영역 확장이 확인되나, 명시적인 중장기 성장 전략에 대한 객관적 공개 자료(IR·CEO 인터뷰 등)는 부족합니다(공개 정보 부족).","휴먼코아는 로보틱스 기업이 아니라 인력 파견·아웃소싱 회사이므로, 지원 직무가 '고객사(제조/물류 자동화 현장)에 파견되는 엔지니어'인지 먼저 확인하고, 자동화 설비 운영·물류 자재관리·현장 대응 경험과 파견 환경 적응력을 강조하는 것이 유효합니다. 순수 로보틱스 R&D 지향이라면 고객사를 직접 지원하는 편이 적합할 수 있습니다.",(주)휴먼코아 공식 사업소개 (huco.co.kr) - 인재파견·헤드헌팅·TOTAL 인사관리대행 | 휴먼코아 채용 진행 중 공고 - 잡코리아 https://www.jobkorea.co.kr/company/16154119/recruit | (주)휴먼코아 기업정보 - 잡플래닛 https://www.jobplanet.co.kr/companies/92127/landing/휴먼코아,low
(주)엘지경영개발원,"LG그룹의 싱크탱크·인재육성 지주 성격 조직으로, 경영·경제 컨설팅 및 연구(LG경영연구원), 임직원/리더 교육(LG인화원), AI 기술 연구(LG AI연구원)를 통해 매출을 낸다. 2024년 기준 매출 약 2,728억 원, 임직원 200여 명 규모이며 업종은 경영·과학·기술 컨설팅업으로 분류된다.","현재진행형 핵심 신사업은 2020년 12월 신설된 LG AI연구원의 초거대 AI 'EXAONE/K-EXAONE' 개발이다. 단일 Q&A를 넘어 계획수립→작업분해→실행→자체평가를 반복하는 '워크 에이전트(ChatEXAONE)'로 고도화 중이며, 누구나 무료 API로 AI 에이전트를 만들 수 있도록 K-EXAONE을 개방하고 한컴 등과 공공 AI 시장 협업을 추진 중이다.","중장기 전략은 K-EXAONE을 글로벌 최고 수준 모델로 끌어올리는 'AI 원팀' 로드맵과, 디지털 에이전트를 넘어 '피지컬 AI'로의 확장이다. 특히 화학·생명과학 분야에서 AI 에이전트가 자동화 장비·로봇과 연동하는 '자율 R&D' 비전을 제시하며 Agentic AI를 물리 세계로 확장하려 하고 있다.","멀티모달 이해(텍스트·이미지·영상·센서)와 자율 계획·도구 활용 역량, AI 에이전트가 로봇·자동화 장비를 제어하는 '피지컬 AI/자율 R&D' 경험을 강조하면 좋다. 디지털 에이전트와 실제 로봇·실험 자동화를 연결한 프로젝트(센서 융합, 로봇 연동, 자율 실행 파이프라인)를 구체적 성과로 어필하라.","LG경영개발원 - 나무위키 (경영연구원·인화원·AI연구원 통합 조직 설명): https://namu.wiki/w/LG경영개발원 | 엘지경영개발원(LG경영연구원) 기업정보·매출 - THE VC: https://thevc.kr/lgmanagementdevelopmentinstitute | [KRoC 2026] LG AI연구원, EXAONE·K-EXAONE 기반 에이전트 로드맵 및 피지컬 AI 자율 R&D 비전 - 로봇신문: https://www.irobotnews.com/news/articleView.html?idxno=44802 | [MWC 2026] LG 'K-엑사원 글로벌 최고 수준 목표'…'AI 원팀' 로드맵 공개 - 딜사이트: https://dealsite.co.kr/articles/157683",medium
해커스교육그룹,"1998년 설립된 국내 1위 어학·자격증 온라인 교육 기업으로, 토익·토플·토스/오픽·텝스 등 영어 어학을 핵심으로 한 인터넷 강의(해커스인강)와 교재 출판, 전국 어학원 오프라인 강의에서 주로 매출이 발생한다. 운영법인 챔프스터디 기준 2024년 매출 약 1,205억 원, 영업이익 약 228억 원으로 양호한 수익성을 보인다.","어학을 넘어 공무원, 공인중개사, 금융 자격증, 취업(해커스잡/취업아카데미), 중학영어 등으로 교육 카테고리를 확장 중이며, 2026년 현재 어학원·공무원 학원 운영 및 상담·마케팅 직군 등에서 다수 채용을 진행하고 있다. 다만 로보틱스/자동화와 직접 연관된 대규모 투자나 신사업의 공개 정보는 부족하다.","교육업계 전반의 AI·에듀테크 전환 흐름 속에서 AI 맞춤형 학습·자동 피드백 등이 어학 교육의 성장축으로 거론되나, 해커스의 구체적 중장기 AI 전략·투자에 대한 객관적 공개 자료는 확인되지 않았다(공개 정보 부족).","로보틱스/자동화 직접 수요는 확인되지 않으므로, 어학 학습 데이터 기반 AI 추천·자동 채점·콘텐츠 자동화 등 에듀테크 자동화 역량과 대규모 학습자 트래픽을 처리하는 시스템 엔지니어링 경험을 강조하는 것이 효과적이다. CV에는 학습 효율화·개인화 자동화 프로젝트 성과를 정량 지표로 제시하라.","해커스교육그룹 기업정보 - 잡코리아 (https://www.jobkorea.co.kr/company/1341121) | 챔프스터디 2024 실적(매출 1,205억·영업이익 228억) - 잡코리아 기업정보 (https://m.jobkorea.co.kr/company/43705744) | 해커스어학원 채용공고 2026 - 캐치 (https://www.catch.co.kr/Comp/RecruitInfo/434785)",medium
(주)피엔티,"2차전지 전극 공정용 롤투롤(Roll-to-Roll) 장비를 주력으로 하는 제조장비 전문기업으로, 코팅기·캘린더링·슬리터·라미네이터 등 정밀 권취·이송 장비에서 글로벌 점유율 1위를 보유한다. 2차전지 장비 사업부와 전지박 등 소재 사업부로 구성되며, 2024년 매출 약 1조 350억원, 영업이익 1,632억원을 기록했다.","현재 진행 중인 신사업은 크게 건식공정 장비, ESS용 LFP 배터리, 전고체 배터리 장비로 구분된다. 구미 제4공장에서 0.2GWh 규모 ESS용 LFP 배터리 생산라인 셋업 및 시제품 생산을 진행 중이며, LFP 양극활물질·양극재(연 3GWh급) 사업을 동시에 추진하고 국내외 고객사와 시제품 테스트를 진행하고 있다.","장비 중심에서 LFP 양극재·동박 등 소재와 ESS·전고체 배터리 장비로 포트폴리오를 확장해 장비-소재 수직계열화를 노린다. 경영진은 2025년 매출 1.5조원, 2026년 2조원 달성을 목표로 제시했으며, 1.5~1.6조원대의 수주잔고를 성장 기반으로 삼고 있다.","웹가이딩·장력제어, 오토터렛/오토스플라이싱, 코팅·캘린더링·슬리팅 등 롤투롤 정밀 이송·제어 기술 경험과 장비 설계·세트업·정밀모션 제어 역량을 강조하는 것이 효과적이다. 직원의 80% 이상이 엔지니어인 만큼 현장 셋업·사후 기술지원 및 자동화 라인 통합 경험을 부각하면 좋다.","피엔티, 2분기 연결 기준 매출 1134억원·영업이익 225억원 기록 - https://daily.hankooki.com/news/articleView.html?idxno=1255870 | 137400 배터리 장비 피엔티 LFP 양극재·ESS·동박, 신사업 포트폴리오 가속 (미래에셋증권 리포트) - https://securities.miraeasset.com/bbs/download/2138114.pdf?attachmentId=2138114 | 피엔티, 3분기 실적 주춤…신사업 가시화·글로벌 수요 회복 조짐 - https://kr.acrofan.com/detail.php?number=410743 | (주)피엔티 2차전지 장비 (공식 홈페이지) - https://www.epnt.co.kr/m31.php?cate=001",high
(주)아모텍,"아모텍(코스닥 052710)은 ESD/EMI 보호용 칩바리스터·감전소자 등 세라믹 칩 부품(EMC), 모바일·차량용 안테나, BLDC 모터의 3대 부문에서 매출을 내는 전자부품 전문기업이다. 부문별 비중은 안테나 약 39%, 모터 약 33%, EMC 약 20%, 기타 약 8% 수준으로 추정된다. 2025년 매출 가이던스는 약 2,600억원(전년比 +13%), 영업이익 100억원으로 흑자전환을 제시했다.","2018년부터 추진해온 MLCC(적층세라믹콘덴서) 신사업이 본격화 단계로, 기존 칩바리스터·수동부품 역량을 토대로 진출했다. 특히 작년 제품 승인을 받은 AI 서버·데이터센터향 MLCC가 2025년부터 본격 공급되며, 연내 약 100억원, MLCC 부문 전체로는 500~600억원 매출을 목표로 한다. AI 데이터센터 수혜주로 부각되며 MLCC 설비·생산능력 확대 투자가 진행 중이다.","중장기적으로 MLCC를 2027년 이후 연 800억~1,000억원 이상 매출의 주력 아이템으로 육성하는 것이 핵심 성장 전략이다. AI 서버·데이터센터 고신뢰성 부품 수요를 겨냥한 고용량·고신뢰 MLCC 라인업 확대와, 안테나·BLDC 모터의 차량·전장 영역 확장을 통해 모바일 의존도를 낮추는 체질 변화를 추진 중이다.","MLCC·세라믹 칩 부품의 양산 자동화 라인 증설과 AI 서버향 고신뢰성 제품 품질확보가 회사의 최대 과제이므로, 자동화 설비·공정 엔지니어링, 정밀 세라믹 공정 자동화, 비전 검사/품질 자동화 역량을 강조하면 좋다. 전장·차량용 안테나·모터로의 확장과 연계해 로보틱스 기반 생산성·수율 개선 경험을 어필하는 것이 효과적이다.","AI 데이터센터 수혜주 아모텍, 핵심부품 MLCC 사업 개화 원년 - thebell: https://www.thebell.co.kr/free/content/ArticleView.asp?key=202509182314320080103471 | 아모텍 탐방노트: 드디어 시작된 체질 변화 - 하나증권 리포트(2025.8): https://www.hanaw.com/download/research/FileServer/WEB/info/small_cap/2025/08/03/250804_AmoTech_F.pdf | 서치 e종목 아모텍, AI서버용 MLCC 매출 본격화로 수익성 전망 - 데일리인베스트: http://www.dailyinvest.kr/news/articleView.html?idxno=70139",medium
극동건설(주),"1953년 설립된 종합건설사로 토목, 건축, 주택(아파트), 플랜트·전기·통신·환경설비, 조경 등 건설 전 분야에서 시공을 통해 매출을 낸다. 2024년 매출 약 4,970억원, 영업이익 약 77억원 규모이며, 특히 도시정비(재개발·재건축)와 주택 부문이 핵심 사업이다.","현재 도시정비사업을 핵심 성장축으로 삼아 수주 드라이브를 진행 중이며, 부산 용호동·수원 장미5차·인천 성신3차 소규모 재건축, 신림중앙시장 재개발, 송파 오금동 가로주택 등 소규모부터 재개발·재건축까지 폭넓게 수주하고 있다. 2026년 상반기에는 강동하남남양주선(GTX 연계) 토목 공구 수주에 나서는 등 정비·토목 양면에서 사업을 확대 중이다.","""주택·스마트 기술 강화를 통한 내실 성장""을 표방하며, 건축본부 내 엔지니어링실을 신설해 기술 개발·현장관리를 고도화하고 종합 도시정비 포트폴리오 완성을 추진하고 있다. AI 스마트글라스·아이트래킹, 스마트밴드 기반 근로자 건강관리, 지능형 CCTV, 드론 환경 모니터링 등 스마트 건설·안전기술 도입을 중장기 경쟁력으로 키우고 있다.","AI 스마트글라스·아이트래킹·지능형 CCTV·드론 모니터링 등 회사가 실제 도입 중인 스마트 건설/현장 자동화 기술과 본인의 로보틱스·센싱·자동화 역량을 연결해 강조하면 좋다. 신설된 엔지니어링실의 현장관리 고도화, 중대재해 ZERO를 위한 안전 자동화 솔루션 기여 의지를 어필하는 것이 효과적이다.","극동건설, 상반기 이끈 도시정비 수주 성과...""주택·스마트 기술 강화"" - 팍스경제TV: https://www.paxetv.com/news/articleView.html?idxno=151190 | 극동건설 2025년 기업정보(주요사업·매출·재무) - 캐치: https://www.catch.co.kr/Comp/CompSummary/500054 | 극동건설(주) 기업정보 - 사람인: https://www.saramin.co.kr/zf_user/company-info/view/csn/U3JoTU03L25XY0FSMTJ3VWNxYnhrdz09",medium
(주)진합,"1978년 설립된 자동차용 파스너(볼트·너트) 전문 제조기업으로, 볼트·너트·브레이크호스·피팅·냉간단조품·강구조물 등을 국내외 완성차 및 부품업체에 공급해 매출을 낸다. 중형차 한 대에 약 4,000개의 파스너가 쓰이며 국내 시장 점유율이 약 85%에 이르는 선도기업이다.","2025년 7월 인도 ANAND그룹 Gabriel사와 합작법인(Jinhap Automotive India)을 설립해 인도 화스너 시장에 진출 중이다. 또한 초고강도·경량 파스너, 알루미늄 볼트, 센서 케이스·전자제어장치용 파스너 등 전동화 대응 신제품 개발에 R&D 투자를 확대하고 있다.","경량화·고강도 정밀단조 기술과 알루미늄 볼트 등 신소재 부품을 중장기 성장동력으로 삼아 전기차·친환경차 시장 확대에 대응하고 있다. 현대차 '올해의 협력사' 친환경 부문 선정, World Class+ 인증 등 ESG·글로벌 경영을 강화하며 인도 등 해외 생산기지 확장을 추진한다.","정밀단조·금형설계 기반의 제조공정 자동화와 품질검사(비전·센서) 자동화, 스마트팩토리 데이터 기반 공정 최적화 경험을 강조하면 좋다. 전동화 부품(센서 케이스, 경량 파스너) 양산을 위한 자동화 라인 설계·로보틱스 핸들링 역량을 어필하는 것이 효과적이다.",볼트너트 '진합' 없이 한국車 질주없다 - 헬로디디 https://www.hellodd.com/news/articleView.html?idxno=39571 | 진합 공식 홈페이지 (인도 합작법인·TISAX 인증·친환경 협력사) https://www.jinhap.com/ | (주)진합 코머신 기업소개 https://www.komachine.com/ko/companies/jinhap,medium
동일고무벨트(주),"전동벨트, 컨베이어벨트, 러버트랙·러버패드(건설·이동장비용 무한궤도) 등 산업용 고무제품 제조가 핵심 매출원이다. 1945년 창업한 국내 최초 고무벨트 국산화 기업으로 DRB(디알비)그룹의 산업용 고무 제조 축을 담당하며, 토목건축자재와 면진·제진(진동제어) 시스템도 주요 제품군이다.","자동차부품, 로봇·자동화, 헬스케어 등으로 사업 영역을 확장 중이며, 그룹 관계사 DRB오토메이션(주)이 프레스 자동화·로봇 핸들링(Handling)·디스태커 시스템 등 스마트팩토리 자동화 사업을 수행한다. 또한 헬스케어 산업 진출과 면진·제진 시스템 등 고부가 제품으로 포트폴리오를 다각화하고 있다.","고무벨트 기반에서 자동차부품, 로봇·자동화, 면진·제진, 헬스케어 등 미래 첨단산업으로 전환하는 중장기 전략을 추진한다. 중국(칭다오)·베트남 등 해외 생산거점과 미국·일본 등 글로벌 네트워크를 통한 해외 확대, ESG·지속가능 공급망 강화를 함께 내세우고 있다.","DRB오토메이션이 다루는 프레스 자동화, 로봇 핸들링 시스템, 컨베이어 라인 등과 연결해 자동화 설비 설계·로봇 통합(SI)·머신비전 경험을 강조하면 효과적이다. 산업용 고무 제조 공정의 스마트팩토리화/공정 자동화 개선 경험을 본인 역량과 연결하는 것도 좋은 타겟팅 포인트다.",동일고무벨트(주) 공식 산업용 사이트 (전동벨트·컨베이어벨트·러버트랙·면진제진) - https://www.drb-industrial.com/ | DRB오토메이션 사업분야: 로봇시스템 Handling / 프레스자동화 Destacker - http://www.drb-automation.co.kr/automation/index.php?pCode=MN0000023 | [우리가 일류 기업] 'DRB 동일' 고무벨트에서 첨단 로봇까지…혁신으로 이룬 70년 - 부산일보 https://www.busan.com/view/busan/view.php?code=20150630000003 | (주)DRB동일 지주회사 사업영역(자동차부품/로봇·자동화/헬스케어/면진제진) - https://www.drbworld.com/holding/,medium
인텍전기전자(주),"전력 송·배전 및 철도용 중전기기 제조업체로, 가공/지중선로용 개폐기·차단기·리클로저, 수배전반(고체절연 SIS/D-SIS, 가스절연 C-GIS), 철도용 직류고속도차단기, 원자력 Q-class 직류차단기, RTU·SCADA 등 전력IT 솔루션으로 매출을 낸다. 2024년 매출 약 1,501억원, 2025년 약 1,878억원 규모의 강소기업이다.","무가스·무오일 친환경 고체절연 배전·변전기기(SIS/D-SIS) 개발과 직류차단기, 마이크로그리드·지능형전력망(스마트그리드) 관련 국가 R&D를 현재진행형으로 수행하고 있다. 해외기술영업 등 채용을 통해 국내 공공사업과 더불어 글로벌 시장(상이한 국가 규격 대응 제품 개발) 진출을 확대 중이다.","DC 전력기기·Digital DC Relay 분야의 세계적 기술력을 기반으로(한국공학한림원 '대한민국 100대 기술' 선정) 친환경 절연 기술과 직류 인프라(철도·원전·신재생 연계)를 중장기 성장축으로 삼고 있다. 국제표준(IEC61850, DNP3.0 등) 대응 SCADA·제어 솔루션 내재화로 스마트그리드·해외시장 확대를 지향한다.","직류차단기·SCADA·계전기 제어 펌웨어/임베디드(마이크로프로세서 OS 자체개발), 전력기기 시험·자동화, IEC61850 기반 디지털 변전 등 전력+제어 융합 역량을 강조하면 좋다. 친환경 고체절연 신제품 개발과 해외규격 대응 설계 경험을 연결하면 타겟팅 효과가 크다.",인텍전기전자 공식 홈페이지 - https://www.entecene.co.kr/ | 인텍전기전자(주) 2025년 기업정보(매출·사업) - 사람인 - https://www.saramin.co.kr/zf_user/company-info/view/csn/TnZQMVNRalBENXgvTHkyems4a3BvZz09 | 인텍전기전자 해외기술영업 채용공고 - 잡코리아 - https://www.jobkorea.co.kr/Recruit/GI_Read/45995631,medium
안국약품(주),"전문의약품(ETC) 중심의 제약사로, 순환기계(심혈관)·호흡기계 의약품을 주력으로 매출을 낸다. 최근 외형 성장세가 뚜렷해 2026년 1분기 연결 매출이 전년 동기 대비 약 30% 증가하는 등 의약품 판매가 핵심 수익원이다.","헬스&뷰티(H&B)·화장품·피부미용·의료기기로 사업을 다각화하고 온라인 플랫폼('A-Wonder')으로 소비자 접점을 넓히고 있다. 2025년 상반기 경상연구개발비를 전년比 74% 늘려(약 96억원) 항체의약품 등 자체 신약 개발과 바이오벤처 협업(오픈 이노베이션)을 본격화했고, R&D부문에 사업개발실, 경영지원부문에 미래전략실을 신설하며 국내외 바이오·의료기기·바이오헬스 기업 투자를 검토 중이다.","'2030년 매출 5,000억원, 업계 10위권' 목표 아래 박인철 사장이 제시한 '안국 성장 휠 모델'(양질의 의약품 공급·원가율 관리·전사적 차별화·사업영역 확장)을 추진한다. 치료에서 예방·삶의 질 향상으로 영역을 넓혀 K-Health 기업으로 도약하고, KGMP 충족과 품질경쟁력 강화를 위한 공장 투자도 본격화할 계획이다.","회사가 '양질의 의약품 생산'과 KGMP 대응 공장 투자를 강조하므로, 제약 생산공정 자동화·GMP 환경의 설비 엔지니어링·품질관리(QC) 자동화 역량과 데이터 기반 공정 최적화 경험을 부각하면 좋다. 다만 안국약품의 구체적 스마트팩토리/로보틱스 도입 공시는 확인되지 않아, '생산 차별화와 원가율 개선에 기여하는 자동화'라는 전략적 연결고리로 어필하는 접근을 권장한다.","[데일리팜] ""2030년 매출 5천억 목표""...안국약품의 변신과 자신감 - https://www.dailypharm.com/user/news/334878 | [FETV] 안국약품, 자체 신약 개발 '도전' 속 R&D·지원 조직 손봤다 - https://www.fetv.co.kr/news/article.html?no=215961 | [메디코파마] [안국약품]5년 새 2배 성장…H&B 가세로 연 3000억 가시권 - https://www.medicopharma.co.kr/news/articleView.html?idxno=66032 | [데일리팜] 안국약품, 1분기만에 지난해 영업익 넘었다…160억 달성 - https://dailypharm.com/user/news/338504",medium
하이콘 주식회사,"하이콘(주)는 2008년 설립된 반도체 테스트 소켓(Test Socket) 설계·제조 전문기업으로, 반도체 검사 소켓류와 반도체 제조용 기계 판매로 매출(약 2,328억원, 사람인 기준)을 냅니다. 업종은 '그 외 기타 전자부품 제조업'으로 분류되며, 반도체 칩의 최종 검사(Test)·번인(Burn-In) 공정에 칩과 검사장비를 연결하는 정밀 소켓 부품을 국내외 반도체 업체에 공급합니다.","반도체 Test 및 Burn-In 분야의 세계 3대 한계과제를 해결한 솔루션을 국내외 특허로 확보하고 이를 기반으로 한 혁신 소켓 제품 개발을 진행 중이며, R&D·반도체·설계·품질관리 엔지니어를 꾸준히 채용하고 있습니다. 다만 HBM 등 특정 신제품 라인이나 대규모 투자에 대한 구체적 공개 정보는 부족합니다.","고정밀 IT 부품 개발을 지향하는 기술혁신형 벤처로서 특허 기반의 차세대 테스트 소켓 솔루션 고도화가 중장기 성장축으로 보이나, 구체적인 중장기 전략·IR 공개 정보는 부족합니다(공개 정보 부족).",반도체 테스트/번인 소켓이라는 정밀 부품 특성상 미세 기구설계·정밀가공·공정 자동화·검사장비 연동 경험과 신뢰성/품질(불량률·정밀도) 개선 역량을 강조하면 좋습니다. 로보틱스·자동화 지원자라면 소켓 제조 라인의 공장자동화·정밀 측정/조립 자동화 프로젝트 경험과 특허·문제해결형 R&D 마인드를 부각하면 타겟팅에 유리합니다.,하이콘(주) 2025년 기업정보 - 사람인: https://www.saramin.co.kr/zf_user/company-info/view/csn/ZHNzaUVyVE9JakwxazRwNnVwV3IzQT09/company_nm/%ED%95%98%EC%9D%B4%EC%BD%98(%EC%A3%BC) | DC TEST SOCKET - HICON 공식 홈페이지: http://www.hi-con.kr/index_kr.php | 하이콘㈜ 2026년 기업정보 - 잡코리아: https://www.jobkorea.co.kr/recruit/co_read/c/hiconkr,medium
세방리튬배터리(주),"세방전지(로케트 배터리) 계열의 리튬이온 이차전지 전문 기업으로, 리튬이온 배터리 셀·모듈·팩과 ESS(에너지저장장치)를 개발·생산·공급한다. 특히 12V 리튬배터리 모듈에서 현대차·기아 적용 제품으로 시장점유율 1위를 확보하는 등 자동차용 저전압 배터리와 상용차 모듈이 주요 매출원이다.","신규 배터리 모듈·팩 사업 강화를 위해 광주공장을 첨단 설비로 준공했고, 창원공장은 증설을 통해 2025년 연 500만 대 차량 적용분 생산능력 확보를 추진 중이다. 안양 R&D센터에 전담 연구조직을 두고 배터리셀 열폭주 방지 독점 기술과 납축전지 대체용 메인 모듈을 개발하며 관련 직무(공정기술·품질·구매 등) 채용을 진행하고 있다.","오흥섭 대표 인터뷰 기준 미국의 중국 배제 정책에 따른 공급망 다각화 기회를 노려 향후 2~3년 내 미국·유럽 현지 생산공장 가동을 목표로 한다. 저전압(LVS)·고전압(HVS) 시스템, 하이브리드 배터리 시스템 대량생산, 전기버스·전기트럭 등 전기차 사업 확대를 중장기 성장축으로 삼고 있다.","생산 자동화 라인 구축·증설(광주/창원)과 배터리 모듈·팩 양산 자동화가 핵심 화두이므로, 스마트팩토리·공정 자동화·설비 엔지니어링 역량과 셀 안전(열폭주 방지) 품질 관리 경험을 강조하면 좋다. 화학공학·기계공학 배경에 자동화 설비 운영/개선 프로젝트 경험을 연결해 어필하는 것이 효과적이다.","[더구루] 세방리튬배터리, 미국·유럽 공장 추진...中 대안 찾는 美 시장 기회 - https://www.theguru.co.kr/news/article.html?no=89074 | 세방리튬배터리 기업정보(잡코리아) - https://m.jobkorea.co.kr/company/16153393 | 세방리튬배터리 기업정보·채용(자소설닷컴) - https://jasoseol.com/companies/7431",medium
대전대학교,"대전 소재 4년제 사립종합대학으로, 한의과대학을 비롯한 다양한 학부·대학원 교육과 등록금, 정부 재정지원사업(국고보조금), 산학협력 수익을 통해 운영되는 고등교육기관이다. 교육·연구가 핵심 사업 분야다.","2025년 과기정통부 'SW중심대학' 사업에 선정되어 최대 8년간 약 150억 원 국고지원을 확보, AI·SW 융합 교육혁신 플랫폼을 가동 중이다. SW융합대학 신설과 게임공학과 등 신기술 학과 확장, 인공지능 임상연구소 신설을 추진하고 있으며, 앞서 LINC 3.0 사업(6년간 약 240억 원)도 수행 중이다.","대전시 전략산업인 BCD+R(바이오헬스·반도체(칩)·국방·로봇)과 연계한 AI·SW 융합 산업특화트랙과 마이크로디그리를 운영하며, 전 학과의 74%까지 AI·SW 융합교육을 확대하는 것을 중장기 목표로 한다. 2,400여 개 가족회사 산학협력 네트워크를 활용해 지역 산업 인력난 해소와 실무형 인재 양성에 주력한다.","대전대가 추진하는 대전 전략산업 'BCD+R' 중 로봇(R)·국방(Defense) 분야와 AI·SW 융합트랙, LINC 3.0 산학협력·캡스톤 경험을 연결해 로보틱스/자동화 역량과 지역 산학협력 기여 의지를 강조하면 효과적이다. 기업연계 캡스톤·인턴십, 가족회사 협업 프로젝트 경험을 부각하는 것이 좋다.","대전대, 2025학년도 SW중심대학 선정 - 충청뉴스 https://www.ccnnews.co.kr/news/articleView.html?idxno=372449 | 대전대·목원대 '2025년 소프트웨어 중심대학' 공모 선정 - 대전광역시청 https://www.daejeon.go.kr/drh/depart/board/boardNormalView.do?boardId=normal_0189&ntatcSeq=1483218043 | 대전대학교, 교육부 LINC 3.0 최종 선정 - 굿모닝충청 https://www.goodmorningcc.com/news/articleView.html?idxno=268575 | 대전대학교 (2025 선정) - AI·SW중심대학협의회 https://www.swuniv.kr/organization/?bmode=view&idx=164267525",high
파크시스템스(주),"나노계측 장비인 원자현미경(AFM, Atomic Force Microscope) 설계·제조·판매가 핵심 사업으로, 산업용 AFM이 전체 매출의 약 80%를 차지하며 글로벌 반도체 기업들이 공정 검사·계측 용도로 도입하고 있다. 2024년 매출 약 1,750억원을 기록했고 2014~2024년 연평균 매출 성장률이 27.9%에 달하는 고성장 강소기업이다.","HBM 하이브리드 본딩·첨단 패키징 공정의 초미세 피치 검사 수요에 대응해 AFM 기반 신규 제품군과 NX-하이브리드 백색광간섭계(WLI) 장비 매출을 확대 중이며, 2026년 5월 기준 최첨단 패키징용 AFM 장비 공급을 고객사와 논의하고 있다. 2025년 3월 스위스 Lyncee tec(린시테크) 인수로 디지털 홀로그래픽 현미경(DHM) 기술을 확보했고, 2025년 6월 경기 의왕에 391억원 규모(총자산의 14.26%) R&D·생산시설 부지를 매입해 3년에 걸쳐 분할 투자한다.","'원자현미경 1위'를 넘어 광학·계측을 포괄하는 반도체 종합 계측 장비사로 도약해 미국 KLA, 독일 자이스(ZEISS) 같은 글로벌 계측 기업으로 성장하는 것이 목표다. 차세대 인라인 AFM 표준을 겨냥한 'FX 프로젝트'와 하이브리드 WLI 플랫폼 'Interferom 프로젝트'를 추진하며 연 매출 2,000억원 돌파를 목표로 한다.","반도체 미세화·HBM 하이브리드 본딩에 따른 나노 계측 난이도 상승과 인라인 자동화 검사(FX 프로젝트)가 회사의 핵심 성장축이므로, 정밀 측정·자동화 제어·광학/메카트로닉스 또는 반도체 공정 계측 경험을 인라인 AFM 자동화 및 계측 솔루션 고도화와 연결해 강조하면 좋다.","'원자현미경 1위' 파크시스템스, 연 매출 2000억 도전 - 전자신문 https://www.etnews.com/20250321000175 | 파크시스템스 ""원자현미경 넘어 반도체 종합계측 장비사 도약"" - 전자신문 https://www.etnews.com/20250414000245 | 파크시스템스, ""최첨단 패키징서 연내 성과 기대…AFM 장비 공급 논의"" - ZDNet Korea https://zdnet.co.kr/view/?no=20260529172052 | 파크시스템스, 391억원 규모 의왕 연구개발·생산시설 부지 매입 결정 - DBRITZ https://www.dbritz.kr/GeneralNews/ | [Company Watch] '수요 확대' 파크시스템스, 신규 제품군 매출 기여 - 더벨 https://www.thebell.co.kr/free/content/ArticleView.asp?key=202508111503564320108626",high
(주)인피닉,"AI 학습용 데이터의 수집·가공·라벨링·검증을 핵심으로 하는 인공지능 데이터 전문기업으로, 특히 자율주행과 컴퓨터 비전 영역에서 강점을 가진다. 비전 카메라, 라이다, 적외선/열화상 등 멀티센서 데이터 수집 차량을 직접 운영하며, DataOps 기반 AI 개발 플랫폼 'AI-Studio'와 더불어 2005년부터 축적한 소프트웨어 테스트·검증(QA) 사업으로 매출을 낸다.","국방 AI를 핵심 신사업으로 추진 중이며, 방위사업청 '방산혁신기업100'에 선정되어 유·무인 복합 전술차량 데이터를 실시간 분석하는 지휘결심 시스템(AETEM)을 개발하고 있다. 또한 인공지능 연구소를 약 260평 규모로 확장 이전해 R&D 투자를 늘리고 있으며, Agent AI 연구개발·멀티모달 AI 개발 엔지니어·AI 솔루션 현장기술지원 등 AI 중심 직무 채용을 진행 중이다.",자율주행 데이터 역량을 기반으로 멀티모달 AI와 피지컬 AI(현실 데이터 기반 인지·판단·행동) 영역으로 사업을 확장하려는 방향성을 보인다. 과기부 '우수기업연구소' 선정을 발판으로 데이터 수집-가공-검증의 통합 프레임워크 경쟁력을 강화하고 국방·자율주행 등 고부가 영역에서 중장기 성장을 모색한다.,"자율주행/멀티센서(라이다·카메라·열화상) 데이터 처리, 센서 퓨전, 라벨링 자동화 및 DataOps 파이프라인 구축 경험을 강조하면 좋다. 로보틱스/자동화 지원자라면 피지컬 AI를 위한 실세계 데이터 수집·검증과 유·무인 복합체계(국방 AI) 같은 자율 시스템 데이터 처리 역량을 연결하는 것이 효과적이다.","DATA FOR AI, AI FOR DATA INFINIQ (회사 소개) - https://infiniq.co.kr/ko/about.php | 인피닉, 인공지능 연구소 확장이전…R&D·신사업 강화 (보도자료) - https://infiniq.co.kr/news/pr/detail?noticeSeq=197 | 인피닉 채용 - 진행 중 채용정보(잡코리아) - https://m.jobkorea.co.kr/company/1744898/recruit",medium
(주)풍산시스템,"1991년 설립된 경기 안산 소재 중견기업으로, 연료탱크압력센서·유량유압센서·스피드센서·TPS센서 등 자동차 전장(센서류) 부품 제조가 주력 매출원이다. 함께 성능·내구성 검사장비와 디스플레이(LCD/PDP) 제조용 설비, 정밀측정기기도 생산하며 현대자동차그룹 자동차부품산업대상을 수상했다.","자동차 전장에서 이차전지(배터리) 제조공정 장비 및 핵심 산업 자동화 설비 개발·제조로 사업을 확장 중이며, LG에너지솔루션 설비품질 최우수 협력사로 선정될 만큼 배터리 장비 분야에서 입지를 넓히고 있다. 채용 포털 기준 다수의 공고가 상시 진행되고 있으며 자동화 전용기계, 간이로봇, 재료공급·이송장치 등 시스템 분야 인력을 확보하고 있다.","전동화(전기차) 부품과 이차전지 신소재·제조장비를 축으로 성장 동력을 전환·다각화하는 흐름이며, 모회사 풍산그룹 차원에서도 전기차 부품·이차전지 신소재·정밀센서 방산 등으로 포트폴리오를 심화하고 있다. 다만 풍산시스템 단독의 구체적 중장기 IR·투자계획은 공개 정보가 부족하다.","자동차 센서/전장 설계·검사장비 경험과 더불어 이차전지 제조공정 자동화 설비, 전용기계 주변장치(이송·공급), 간이로봇 통합 역량을 강조하면 좋다. 센서 성능·내구성 시험 데이터 분석과 LG에너지솔루션 등 고객사 설비품질 대응 경험을 연결하면 타겟팅 효과가 크다.","(주)풍산시스템 2026년 기업정보 - 사람인, https://www.saramin.co.kr/zf_user/company-info/view/csn/czBJc3E1d3lBUFF3ZkU5S0tnN0svUT09 | 풍산그룹 - 나무위키, https://namu.wiki/w/풍산그룹 | (주)풍산시스템 채용 진행 공고 - 사람인, https://www.saramin.co.kr/zf_user/company-info/view-inner-recruit/csn/czBJc3E1d3lBUFF3ZkU5S0tnN0svUT09",medium
태영산업(주),"경남 밀양 삼랑진에 위치한 담배필터 전문 제조 중소기업으로, 튜브·캡슐·지관·삼중복합·쓰레드·복합필터 등 다양한 담배필터 제품 생산이 핵심 매출원이다. 2014년 신공장 흡수합병으로 국내 최대 규모의 담배필터 공장을 보유하고 있으며, 부수적으로 태양력(태양광) 발전 사업도 영위한다. 연 매출은 약 950억~1,700억 원대(출처별 상이), 직원 약 370~385명 규모다.","2025년 현재 '사세확장'을 내걸고 담배필터 생산기사, 자동화 기계 설계, 공무, 제품개발 등 다수 포지션을 대규모 채용 중이며 생산 라인 증설·자동화 투자가 진행 중인 것으로 보인다. 2011년 설립한 자체 담배필터 연구소를 통해 신제품 필터와 필터 제조 설비를 동시에 개발하고 있다. 태양광 발전도 보유 사업 중 하나다.","캡슐필터·복합필터 등 고부가 기능성 필터 개발과 자체 제조설비 내재화를 통한 기술 차별화, 그리고 수출 확대(2014년 수출 천만불탑 달성 이력)가 중장기 성장축으로 보인다. 다만 구체적 중장기 전략에 대한 공개 IR·공시 자료는 부족하다.","자체 연구소에서 '담배필터 제조 설비'를 직접 개발하고 자동화 기계 설계 인력을 채용 중이라는 점을 활용해, 생산라인 자동화 설계·설비 내재화·공정 효율화 경험과 기계설계(CAD/PLC/제어) 역량을 강조하면 좋다. 24시간 2교대 대량생산 환경에 맞춘 설비 안정화·자동화 개선 관점의 어필이 효과적이다.",태영산업(주) 공식 홈페이지 - http://www.tytf.co.kr/sub01/01_01.php | 태영산업(주) 2025년 기업정보 | 사람인 - https://www.saramin.co.kr/zf_user/company-info/view/csn/SGtSZTlnMHRRSWFLOHhrZlNiV3pXdz09 | 사세확장 생산기사(15명) 모집 - 밀양시 일자리지원센터 - https://jobs.miryang.go.kr/nmprogram/work_miryang/default.php?mod=o&idx=8889 | 태영산업주식회사: 사세확장 - 담배필터 생산 기사 모집 | 더팀스 - https://www.theteams.kr/recruit/wanted/486105,medium
시너스텍(주),"반도체·디스플레이 팹과 스마트팩토리용 물류자동화 장비(OHT, AGV, Stocker 등)를 설계·제조·공급하는 토털솔루션 기업으로, 1997년 물류자동화 사업 진출 후 2007년 반도체용 300mm OHT를 개발했다. 2024년 기준 매출 약 3,063억원 규모의 특수목적용 기계 강소기업이다.","이차전지(2차전지) 제조 공정에 특화된 AGV·OHT·Stocker 라인업을 확보하고 공급 물량을 빠르게 늘리는 중으로, 이차전지 장비 매출 비중이 10% 미만에서 30% 수준까지 확대됐다. 국내 배터리 업체의 북미·유럽 진출에 대응해 미국·폴란드·헝가리·인도네시아 등 해외 거점을 신설하며 현지 근접 지원 체계를 구축하고 있다.",디스플레이·반도체 기반 위에 AI 기반 종합 물류자동화(Industry 4.0/스마트팩토리)와 이차전지 장비를 핵심 성장축으로 삼아 글로벌 거점 확장을 추진하고 있다. 다만 2025~2026년 구체적 신규 투자·중장기 전략 수치는 공개 정보가 제한적이다.,"반도체 팹 자동화 물류(OHT/AGV/Stocker)와 이차전지 공정 자동화 경험, AI 기반 스마트팩토리·로봇 이송 제어/통합(MCS) 역량을 강조하고, 글로벌(북미·유럽) 현지 셋업·유지보수 대응 경험을 어필하면 좋다.","시너스텍 공식 홈페이지 회사소개 - http://www.synustech.com/html/sub_1_1.php | 시너스텍 올해만 해외거점 4곳 확대…'이차전지 시대' 올라탄다 - 파이낸셜뉴스 https://www.fnnews.com/news/202212221807342429 | 시너스텍, 폴란드 등 해외거점 확장 '이차전지 방점' - 네이트 뉴스 https://news.nate.com/view/20220406n07030 | 시너스텍(주) 기업정보 - NICE기업정보 https://www.nicebizinfo.com/ep/EP0100M002GE.nice?kiscode=JC2321",medium
(주)디알텍,"2000년 설립된 의료용 디지털 엑스레이 전문기업으로, 평판형 디지털 엑스레이 디텍터(직접/간접 방식)를 핵심으로 매출을 낸다. 디텍터 핵심부품 사업에서 맘모그래피(FFDM)·일반촬영·수술용 C-arm(EXTRON) 등 엑스레이 시스템 완제품으로 영역을 확대했으며 해외 매출 비중이 약 80%에 달한다.","핵심부품(맘모 디텍터)에서 고부가가치 맘모그래피 시스템 등 시스템 완제품 사업으로 확장 중이며, 2025년 9월 FI로부터 50억원 투자를 유치해 디텍터·시스템 시너지를 가속하고 있다. 치과용 포터블 엑스레이의 美 FDA 인증을 획득해 북미·유럽 진출을 추진하고, RSNA 2025에서 AI 영상처리·저선량(TRUDigital, RNR) 솔루션을 선보였다. 2025년 채용에서 테스트 엔지니어(생산기술), HW개발(산업용 제품), 연구기획 등을 모집했다.","'진단영상 솔루션의 글로벌 챔피언'을 비전으로, AI 영상처리(인체조직·수술도구 구분)와 저선량 기술을 시스템에 내재화해 프리미엄 시장을 공략한다. 미국 동물용(베터리너리) 디텍터 시장 1위(점유율 30%+)를 기반으로 한 글로벌 시장 확대와 CE/FDA 인증을 통한 시스템 수출 확대가 중장기 성장축이다.","엑스레이 디텍터·시스템의 실시간 영상처리, 노이즈 저감(RNR), AI 기반 영상 세그멘테이션, 저선량 최적화 등 임베디드·신호처리·HW 엔지니어링 역량을 강조하면 적합하다. 의료기기 인증(FDA/CE) 대응 경험과 디바이스 테스트·생산기술 자동화 경험을 연결하면 차별화된다.","디알텍, RSNA 2025서 프리미엄 차세대 'AI·저선량' 혁신 솔루션 주목 - 의학신문, https://www.bosa.co.kr/news/articleView.html?idxno=2265335 | 디알텍, FI로부터 50억 투자유치…'디텍터·시스템 시너지 박차' - 머니투데이, https://www.mt.co.kr/thebio/2025/09/12/2025091213342839620 | 디알텍, 치과용 포터블 엑스레이 美FDA 인증 획득 - 팜이데일리, https://pharm.edaily.co.kr/News/Read?newsId=01387446642069208 | 디알텍 - 위키백과, https://ko.wikipedia.org/wiki/디알텍",high
(주)클리오,"국내 최초 색조 메이크업 전문 브랜드 '클리오'를 비롯해 페리페라(색조), 구달(스킨케어), 더마토리(민감성), 힐링버드(헤어), 타입넘버 등 멀티 브랜드 화장품의 기획·판매·유통으로 매출을 내는 뷰티 기업이다. 제품 생산은 코스맥스, 한국콜마, 씨앤씨인터내셔널 등 OEM/ODM에 위탁하는 브랜드·마케팅 중심 구조다. 2025년 상반기 매출 1,645억원으로 전년 대비 11.4% 감소하며 주력 화장품 사업이 역성장 국면에 있다.","건강기능식품 자회사 '클리오라이프케어'를 신성장 동력으로 키우고 있으며, 2025년 3분기 분기 매출 25억원으로 전년 대비 약 80% 성장했다. 해외에서는 페리페라·구달을 미국 타겟(Target.com)에 입점시키는 등 미국·일본·유럽으로 채널을 확대 중이다. 색조 중심에서 기초(스킨케어)로 카테고리를 넓히는 전략도 현재진행형이다.",중장기적으로 일본·중국 의존도를 낮추고 미국·동남아·유럽으로 글로벌 매출처를 다변화하는 것이 핵심 전략이다. 색조 강자 이미지를 넘어 스킨케어와 건강기능식품(이너뷰티)으로 사업 포트폴리오를 넓혀 성장통을 극복하려 한다. 안정적·장기적 성장과 투명한 지배구조 기반의 기업가치 극대화를 IR 기조로 제시하고 있다.,"클리오는 자체 제조공장이 없는 OEM/ODM 기반 브랜드사이므로 생산라인 로보틱스보다는 물류센터 자동화(AGV/AMR, 자동 피킹·포장), 수요예측 기반 SCM 최적화, 글로벌 멀티채널 출고 자동화 역량을 강조하는 것이 적합하다. 다브랜드·해외 확장에 따른 물류 효율화와 데이터 기반 공급망 엔지니어링 경험으로 연결하면 타겟팅이 효과적이다.","[기업분석] 클리오 상반기 매출 1645억…전년比 11.4%↓ - 뷰티누리, https://www.beautynury.com/news/view/108910/cat/10 | 클리오, 건강기능식품 자회사 '클리오라이프케어' 성장 본격화 - 뉴스와이어, https://www.newswire.co.kr/newsRead.php?no=1023679 | [코스모닝] 클리오, 미국 타겟닷컴 진출, https://cosmorning.com/news/article.html?no=44949 | (주)클리오 2026년 기업정보 (생산 OEM/ODM 구조) - 사람인, https://www.saramin.co.kr/zf_user/company-info/view/csn/TWNRWkMzdXRWOVpiYTFaZzNrMmppUT09",medium
(주)카스,"1983년 설립된 국내 전자저울·계량 분야 1위 기업으로, 전자저울·로드셀·스트레인게이지·인디케이터 등 계측기 제조·판매가 핵심 매출원이며 국내 전자저울 시장의 약 70%를 점유한다. 센서·계량·계측 기술을 기반으로 상업용·산업용 계량시스템을 공급하며 해외 13개 지법인을 통해 전 세계 120여 개국에 수출한다.","2024년 11월 협동로봇 전문기업 뉴로메카와 전략적 협력 MOU를 체결하고, 카스가 뉴로메카 협동로봇의 기술지원·마케팅·사업화를 맡아 자동화·스마트팩토리 협동로봇 SI(시스템통합) 사업을 공동 추진 중이다. 자사 센서·계량 기술과 협동로봇을 결합해 인력난을 겪는 중소·대형 제조기업 대상 자동화 솔루션을 발굴하고 있다.","고품질 센서 데이터 수집과 빅데이터 기반 이력관리를 핵심으로 하는 스마트팩토리 엔지니어링을 중장기 성장축으로 삼고 있으며, 협동로봇 SI 사업을 발판으로 국내외 시장 확장을 추진한다고 김태인 대표가 밝혔다. 계량·계측이라는 본업 강점을 자동화·로보틱스 융합 솔루션으로 확장하는 전략이다.","계량·센서 데이터를 협동로봇·스마트팩토리 SI와 연결하는 경험(로봇 통합, 센서 신호처리, 빅데이터 기반 공정관리)을 강조하면 좋다. 뉴로메카 협동로봇 연동, 로드셀/인디케이터 등 계측 시스템 자동화 프로젝트 경험과 글로벌 제조 현장 적용 역량을 부각하는 것이 효과적이다.","카스, 뉴로메카와 협동로봇 분야 MOU…스마트팩토리 SI 협동로봇 발굴 - 뉴스1, https://www.news1.kr/industry/general-industry/5612887 | 카스, 뉴로메카와 협동로봇 분야 협력 강화 업무협약 - 한국경제, https://www.hankyung.com/article/202411277278O | CAS|카스 회사소개·스마트팩토리, https://www.cas.co.kr/company/intro.jsp",medium
(주)에이텍,"2017년 LG CNS 금융자동화(ATM) 사업부를 인수해 설립된 '자동화 플랫폼' 전문기업으로, ATM·정산기(TCR)·키오스크 등 금융자동화기기 제조가 핵심 매출원이다(ATM 및 관련 제품이 매출의 약 54% 차지, 2024년 매출 약 459억원). 이와 함께 유통매장용 리테일 솔루션, 전자라벨(ESL), 무인안내시스템으로 사업을 넓히고 있다.","2025년 6월 AI 로봇기업 코가로보틱스와 MOU를 맺고 경량 AI 기반 지폐 인식 솔루션, 수어·음성 대화형 키오스크, 자율주행·제어 기술을 적용한 'AI 키오스크 로봇'을 공동 개발·사업화 중이다. 또한 AI·빅데이터로 백화점·대형마트 등 유통매장 업무를 자동화하는 리테일 솔루션과 건설근로자 인력관리(Smart Tech) 솔루션을 추진하고 있다.","중장기적으로는 금융자동화기기의 글로벌 시장 점유율 확대(2025년 2천만 달러 수출의 탑 수상, 미국 법인 추진)와 스마트시티·공항·병원 등으로의 통합 자동화 솔루션 확장을 목표로 한다. 코가로보틱스와 인천국제공항 서비스 로봇 프로젝트 등 대규모 사업에 공동 대응하며 'AI 키오스크 로봇'을 미래 성장축으로 키우고 있다.","자율주행·제어, 임베디드 HW 제어, AI 비전(지폐/객체 인식), 키오스크·서비스 로봇 통합 시스템 경험을 강조하면 '코가로보틱스 협력 AI 키오스크 로봇' 신사업과 직접 연결된다. 금융/공공기관용 무인기기의 신뢰성·정밀 메카트로닉스 설계와 자동화 플랫폼 통합 역량을 부각하는 것이 효과적이다.","에이텍, 코가로보틱스와 AI 지폐 인식·키오스크·로봇 분야 전략적 협력 MOU 체결 - 아시아경제, https://view.asiae.co.kr/article/2025061314044343114 | 에이텍, 금융자동화 기기 중심으로 사업 재편…해외 공략 - 한국경제, https://www.hankyung.com/article/202411080443i | (주)에이텍 공식 홈페이지(사업 솔루션·제품·신사업), https://www.atec.kr/atec/main/main.html | (주)에이텍 2026년 기업정보(매출·사업구성) - 사람인, https://www.saramin.co.kr/zf_user/company-info/view/csn/TUNIRnZsR2Q0ZG4xb01KMkJDM3FVUT09",medium
(주)프로텍,"반도체 후공정 패키징 장비 전문 기업(코스닥 053610)으로, 칩과 기판 접합 공정에 쓰이는 고정밀 디스펜서(에폭시/레진 정량 토출) 장비가 핵심 매출원이다. 다이본더, 뉴메틱(공압) 부품 사업도 함께 운영하며 삼성전자, SK하이닉스, TSMC, 앰코, ASE 등을 고객사로 둔다.","차세대 패키징용 레이저 본딩/리플로우(LAB) 장비를 신성장 동력으로 키우고 있으며, 기존 OSAT 독점계약 해제로 TSMC 등 고객 다변화가 진행 중이다. 또한 다이본더, 마이크로 솔더블 어태치, MicroLED 칩 전사, 전자파 차폐(EMI) 공정 장비, 그리고 반도체용 물류설비(AGV) 등으로 포트폴리오를 적극 확장하고 있다.",레이저 본딩 장비 매출 비중을 약 5%에서 30%까지 끌어올리고 레이저 소스를 자체 개발해 수직계열화·원가경쟁력을 확보하는 것이 핵심 전략이다. TSMC의 사상 최대 시설투자와 삼성전자 용인 클러스터 300조원 투자 등 고객사의 공격적 증설이 중장기 성장 모멘텀으로 작용할 전망이다.,"반도체 후공정 물류설비(AGV/OHT) 및 레이저 본딩 장비의 자동화·정밀 제어 경험을 강조하면 좋으며, 디스펜싱 정량 토출의 정밀도·속도·패턴 제어와 같은 모션/광학 엔지니어링 역량이 직무 적합성을 높인다. 레이저 소스 내재화 추진과 연계해 광학·열전달·로봇 통합 시스템 설계 경험을 어필하는 것이 효과적이다.","[영상] TSMC도 탐내던 프로텍의 그 장비, 이제 팔 수 있다 - 디일렉 https://www.thelec.kr/news/articleView.html?idxno=21423 | [스몰캡+] 프로텍, 공격적 투자 나선 삼성전자·TSMC와 행복한 동행 - 인포스탁데일리 https://www.infostockdaily.co.kr/news/articleView.html?idxno=190710 | (주)프로텍 - 코머신 판매자/제품 소개 https://www.komachine.com/ko/companies/protec | 프로텍(A053610) Snapshot - FnGuide Company Guide https://comp.fnguide.com/SVO2/ASP/SVD_Main.asp?gicode=A053610",high
(주)하이비젼시스템,"스마트폰용 초소형 카메라 모듈(CCM)의 자동 검사장비와 영상평가장치 개발·제조가 주력으로, LG이노텍·삼성전자 및 Sony, Sharp, Foxconn 등 글로벌 카메라모듈 업체에 납품한다. 여기에 ToF/LiDAR 등 3D 센싱과 0.5μm급 고정밀 AOI(자동광학검사) 비전 솔루션이 핵심 매출원이다.","2022년부터 진출한 2차전지 사업이 빠르게 확대 중으로, 2026년 6월 북미 AI 데이터센터향 ESS 배터리팩 조립 생산라인을 약 950억원 규모로 수주(2차전지 진출 후 최대 단일 계약)했다. 검사장비·공정/조립 장비·자동화 설비를 일괄 공급하며, AI 딥러닝 기반 바이오(주사기 등) 검사 설비로 COPHEX 2026에 참가하는 등 바이오 자동화로도 확장 중이다.","카메라 검사 단일 기업에서 2차전지·반도체·바이오를 아우르는 복합 비전·자동화 장비기업으로 변신 중이며, ESS 추가 라인 수주에 역량을 집중하겠다고 밝혔다. AI 딥러닝과 3D 센싱 기술 내재화를 바탕으로 이차전지·반도체·바이오를 중장기 성장 동력으로 보고 있다.","머신비전·AOI·딥러닝 영상분석 역량과 2차전지/ESS 생산라인용 검사·조립·자동화 설비 통합 엔지니어링 경험을 강조하면 좋다. ToF/LiDAR 등 3D 센싱, 고속·고정밀(0.5μm급) 광학계, 자동화 설비 설계·제어 경험은 회사의 사업 확장 방향과 직접 맞닿는 타겟팅 포인트다.","하이비젼시스템, 카메라 모듈 검사장비 매출 확대 - 이데일리, https://www.edaily.co.kr/news/read?newsId=01456326625967360 | 하이비젼시스템, ESS 배터리팩 조립 생산라인 수주(약 950억원) - 뉴스핌, https://www.newspim.com/news/view/20260617000451 | 하이비젼시스템, AI 기반 바이오 검사 설비로 COPHEX 2026 참가 / '복합 장비기업으로 변화' - 인사이트코리아, https://www.insightkorea.co.kr/news/articleView.html?idxno=202246",high
(주)위니텍,"1997년 설립된 대구 소재 IT 기업으로, 재난·안전 분야 통합관제시스템(119 긴급신고접수·지령관제·관제업무지원 솔루션) 구축과 유지보수가 핵심 매출원이다. 국내 최초 통합 119 신고대응 시스템을 독자 개발해 전국 소방청·소방본부의 긴급구조 시스템 표준화 구축을 다수 수행했으며, 스마트시티 통합플랫폼 SAFUS(세이퍼스)도 주력 제품이다.",현재 119 긴급신고 접수에 AI를 접목한 'AI 기반 차세대 119 신고접수 시스템'을 충남소방본부 등에 구축하며 AI 전환을 본격화하고 있다. 또한 베트남 다낭시 ODA 사업 등 스마트 도시재난대응 시스템의 해외(글로벌) 진출을 진행 중이다.,"재난·안전 노하우에 AI·ICT를 결합한 차세대 긴급대응 시스템과 스마트시티 솔루션 고도화를 중장기 성장축으로 삼고 있다. R&D, 글로벌 ODA·수출 확대를 통해 공공안전 통합관제 플랫폼 사업을 넓히는 전략을 추진하고 있다.","로보틱스/자동화/엔지니어링 직군 지원자라면, 실시간 센서·영상·IoT 데이터를 통합 관제·지령으로 자동화하는 시스템 설계 역량과 AI 기반 신고 분류·상황인지 자동화 경험을 강조하면 좋다. 다만 위니텍은 물리적 로봇 제조사가 아니라 재난관제 SI·소프트웨어 기업이므로, 미션크리티컬 시스템의 신뢰성·실시간 처리·관제 자동화 관점으로 어필하는 것이 적합하다.","사람을 위한 테크놀로지-(주)위니텍 공식 홈페이지 (재난안전/스마트시티 사업소개) https://www.winitech.com/ | 119에 AI 접목하는 소방 IT기업들…대구 위니텍의 30년 노하우 (위니텍 언론보도, 2026-05-26) https://www.winitech.com/w/goMenu.do?menuId=nw_003_001&bbsId=news_kr | 충남 소방본부, 'AI 기반 차세대 119 신고 접수 시스템' 구축 (위니텍 언론보도, 2026-02-05) https://www.winitech.com/w/goMenu.do?menuId=nw_003_001&bbsId=news_kr",medium
(주)삼성글로벌리서치,"대한민국의 민간 싱크탱크 겸 전략연구기관으로, 옛 삼성경제연구소(SERI)가 2022년 사명을 변경한 회사다. 국내외 거시경제·산업·기술·금융 조사연구와 삼성 그룹·계열사 대상 경영진단·전략 컨설팅이 핵심 사업이며, 대주주가 삼성전자·삼성SDI·삼성전기 등 계열사로 그룹 내 자문이 주된 매출원이다.","2025년 채용에서 우주/항공, 바이오/헬스케어, 금융 산업 분야 산업·전략 연구원과 자본시장법·기업재무 분석 연구원을 모집해, 우주·항공 및 바이오 등 신성장 산업 리서치 역량을 강화 중이다. 또한 삼성그룹의 AI 전환(AX) 전략과 연계한 산업·기술 분석을 확대하고 있다.","삼성그룹이 추진하는 'AI 드리븐 컴퍼니' 전환, 6G·바이오·우주항공 등 미래 IT/신산업 선점 전략을 뒷받침하는 선행 산업·기술 리서치와 정책 제언이 중장기 성장축이다. 다만 회사 자체의 독립적 미래 전략 공개 정보는 부족하다.",로보틱스/자동화 지원자는 삼성그룹의 제조 자동화·AX(AI 전환) 흐름과 우주항공·바이오 등 신산업 기술 트렌드를 연결한 산업 분석 역량을 강조하면 좋다. 엔지니어링 전문성을 '기술-산업-경영전략'으로 풀어내는 리서치 관점(예: 로봇/자동화가 산업 경쟁력에 미치는 영향 분석)을 어필하는 것이 적합하다.,삼성글로벌리서치 - 위키백과 https://ko.wikipedia.org/wiki/삼성글로벌리서치 | 삼성글로벌리서치 분야별 연구원 채용 - 잡코리아 https://www.jobkorea.co.kr/Recruit/GI_Read/46212868 | 삼성전자 DX 전략협의회 개최…AX·사업재편으로 수익성 회복 - 파이낸셜뉴스 https://www.fnnews.com/news/202606171421127019,medium
㈜다인정공,"공작기계용 툴링시스템(절삭공구, 초경공구, 툴홀더, cBN/PCD 등)을 제조·공급하는 중견기업으로, 국내 툴링시스템 시장 점유율 약 25%의 1위 업체다. 자동차·전자·기계 등 전방산업에 납품하며 매출의 50% 이상을 79개국 수출로 창출하고 연 매출 약 2,300억원 규모다.","2018년 'DINE Robotics'를 출범시켜 협동로봇/산업용 로봇 사업으로 확장 중이며, 두산로보틱스의 한국 공식 유통파트너이자 레인보우로보틱스 대리점으로 활동하고 로봇시스템사업부 인력을 확충했다. SIMTOS 2024에서 머신텐딩·식품·도장 등 로봇 기반 생산 자동화 SI 애플리케이션을 직접 시연했다.","CEO는 ""대기업(두산로보틱스 등)과 협력해 로봇 유통업에 먼저 진출한 뒤 자체 기술로 직접 제조""하는 로드맵을 제시했으며, 협동로봇을 핵심 미래 신사업으로 육성하고 있다. 기존 툴링·절삭가공 역량과 로봇 자동화를 결합한 스마트 제조·자동화 솔루션이 중장기 성장축으로 보인다.",머신텐딩·도장 등 공작기계 연계 로봇 SI 자동화 역량과 협동로봇(두산·레인보우) 운용·통합 경험을 강조하면 로봇시스템사업부 타겟팅에 유리하다. 절삭가공/툴링 도메인 지식과 로봇 자동화를 잇는 '제조 현장 자동화 엔지니어링' 관점을 어필하는 것이 효과적이다.,"다인정공 '툴링시스템 1위'…""협동로봇 개발"" - DINE 뉴스 https://dine.co.kr/en/sub/promotion/news/view.asp?b_idx=786 | 두산로보틱스와 손잡은 다인정공 - MFG 매거진 http://www.mfgkr.com/news/articleView.html?idxno=7521 | [SIMTOS 2024] 다인정공, 로봇 통한 생산 자동화 직접 선보여 - 여기에뉴스 https://yeogienews.com/today/269596",medium
(주)제이스로보틱스,"제이스로보틱스(JAS Robotics, 1995년 설립, KOSDAQ 상장, 임직원 약 280명, 매출 약 720억 원)는 이차전지(Battery Cell)·디스플레이·반도체·바이오 4대 산업을 대상으로 한 제조 자동화·검사 장비 전문기업입니다. 제어시스템, 검사시스템, 공정개발, 시스템 통합(SI) 등 자체 R&D 역량을 기반으로 고객사 양산 라인에 들어가는 자동화 설비를 공급해 매출을 냅니다.","공식 사이트상 이차전지 분야에서 셀 개발(Cell Development)과 검사시스템(Inspection System)을 독립 R&D 영역으로 명시해 배터리 셀 제조·검사 자동화에 투자 중인 것으로 확인됩니다. 다만 구체적인 신규 투자 규모, 대규모 채용 공고, 신사업 발표 등은 객관적 출처에서 확인되지 않아 공개 정보 부족입니다.","기존 이차전지·디스플레이·반도체·바이오 영역을 넘어 ""시스템화된 스마트 팩토리의 스마트 장비 기업""으로 발전하겠다는 비전을 제시하고 있습니다. 즉 단일 공정 장비를 넘어 자동화·검사 솔루션을 통합한 스마트 제조 장비 사업 확장을 중장기 전략으로 내세우고 있습니다.",이차전지/반도체 양산 라인의 검사시스템·제어시스템·시스템 통합(SI) 경험과 머신비전·자동화 설비 설계 역량을 강조하면 적합합니다. 멀티 산업(전지·디스플레이·반도체·바이오)에 적용 가능한 범용 자동화·검사 기술과 스마트 팩토리 연동(데이터·제어) 경험을 부각하는 것이 좋습니다.,(주)제이스로보틱스 공식 홈페이지 - https://jasrobotics.co.kr/ | 제이스로보틱스(090470) 개요 - 밸류라인 - https://www.valueline.co.kr/finance/summary/090470 | (주)제우스로보틱스 기업정보(유사 사명 식별 참고) - 사람인 - https://www.saramin.co.kr/zf_user/company-info/view/csn/VEUzdVNreWNiRDR6R2x4N0FQK2drdz09,low
(주)펨트론,"2002년 설립·2022년 코스닥 상장한 3D 정밀공정 검사장비 전문기업으로, 2D/3D 비전광학과 AI 딥러닝 기술을 결합한 검사장비를 제조·판매한다. 매출의 핵심은 PCB 부품·솔더 결함을 검사하는 SMT 검사장비이며, 반도체 후공정(와이어본딩 ZEUS, 메모리모듈 MARS, 웨이퍼 8800WIR) 및 이차전지 검사장비로 사업을 확장하고 있다.","현재 진행형 신사업의 핵심은 HBM(고대역폭메모리)용 3D 검사장비 '8800WIR'로, 국내 업체와 퀄테스트를 진행 중이며 기존 제품 대비 단가가 2배 이상 높아 수익성 개선이 기대된다. 또한 AI 반도체·전기차 수요 증가에 따라 Wafer Bump·Wire Bonding 검사장비, 이차전지 배터리셀 검사장비 수주를 확대하고 있다.","반도체 검사 부문 매출 비중을 2020년 11.9%에서 끌어올려 2026년에는 50%를 넘겨 기존 SMT 사업을 처음으로 역전시키는 것을 목표로 한다. HBM 적층 증가에 따른 미세공정 검사 수요 확대와 국산 장비 채택 기조, 2030년 3,500억 달러 규모로 성장하는 이차전지 시장을 중장기 성장 동력으로 삼고 있다.","3D 머신비전·광학검사, AI 딥러닝 기반 결함 검출, 정밀 측정 자동화 검사 시스템 경험과 HBM·반도체 패키징 공정 이해를 강조하면 좋다. 하드웨어와 SW를 통합한 검사 솔루션 개발 역량 및 고객사 퀄테스트·장비 셋업 경험을 어필하면 타겟팅에 유리하다.","[반도체 검사장비] 적자 전환 펨트론, HBM 장비로 돌파구 마련 - 딜사이트: https://dealsite.co.kr/articles/139234/068020 | 펨트론, 미국 반도체 M사에 장비 공급…HBM 검사장비도 기대감 - 이투데이: https://www.etoday.co.kr/news/view/2478866 | 펨트론, '반도체 전공정' 3D검사장비 '출사표' - 전자신문: https://www.etnews.com/20221108000255 | 펨트론 기업정보 - IRGO: https://m.irgo.co.kr/IR-COMP/168360",medium
(주)아이씨디,"아이씨디(ICD, 코스닥 040910)는 LCD·OLED 디스플레이 제조 공정용 건식 식각(HDP/ICP Dry Etcher) 장비와 OLED 증착 공정에 쓰이는 진공물류장비(VTM 등)를 개발·공급해 매출을 내는 디스플레이 장비 전문기업이다. 2001년 국내 최초 TFT-LCD Dry Etcher를 개발했고, LCD·OLED의 구동회로 및 터치센서 박막 식각 공정에서 높은 국산화 기술력을 보유한다.","현재 OLED가 스마트폰 중심에서 IT(노트북·태블릿)·TV·차량용으로 확대되고 LTPO 차세대 공정이 표준화되며 HDP Etcher와 진공물류장비 수요가 늘고 있다. 이에 힘입어 2025년 3분기 누적 연결 매출이 전년동기 대비 69.9% 증가, 영업이익 흑자전환했고, LG디스플레이와 약 251억원 규모 FPD 제조장비 공급계약을 체결하는 등 OLED 투자 사이클 수혜를 받고 있다.",중장기적으로 8.6세대 IT OLED 라인 등 글로벌 패널업체의 LTPO·고부가 OLED 투자 확대에 맞춰 식각·진공물류 장비 포트폴리오를 키우는 것이 핵심 전략이다. 또한 플라즈마 기반 기술 역량을 바탕으로 디스플레이를 넘어 반도체 미세공정 장비로의 사업 다변화 가능성이 거론된다(반도체 신사업의 구체적 투자·매출 규모는 공개 정보 부족).,고밀도 플라즈마(HDP/ICP) 식각·진공 챔버·반송 자동화(진공물류장비/로보틱스) 경험과 진공·플라즈마·반도체 공정 이해를 강조하면 좋다. OLED 양산라인의 자동화·신뢰성 향상 및 LTPO 등 차세대 공정 대응 역량을 자신의 프로젝트와 연결해 어필하는 것이 효과적이다.,DRY Etcher | 사업분야 | 아이씨디 - https://www.icd.co.kr/business/dry_etcher.html | 아이씨디 주가 벌떡... LCD 강자에서 OLED 핵심 장비 기업 도약 (핀포인트뉴스) - https://www.pinpointnews.co.kr/news/articleView.html?idxno=382160 | 아이씨디(A040910) Snapshot 기업정보 (FnGuide Company Guide) - https://comp.fnguide.com/SVO2/asp/SVD_Main.asp?gicode=A040910,medium
(주)티에스아이,"2차전지(배터리) 전극 공정의 첫 단계인 '믹싱(Mixing) 시스템'을 설계·제작·공급하는 특수목적용 기계 제조 기업입니다. 분체공급장치로 활물질을 계량하고 믹서로 슬러리를 만드는 라인 전체를 턴키로 납품하며, LG에너지솔루션·삼성SDI·SK온 등 국내외 80여 개 배터리사가 주요 고객입니다. 매출 대부분이 이들 셀 메이커향 믹싱시스템 공급계약(예: 2025년 약 283억원, 2022년 217억원 등)에서 발생합니다.","탄소나노튜브(CNT) 분산액 사업에 진출해 천안 신캠퍼스에 CNT 공장·파일럿 라인과 연구소를 구축 중이며, 국내 대기업과 협력을 논의하고 있습니다. 또한 안다H자산운용으로부터 약 400억원 투자를 유치하고 LG디스플레이 출신 임원(사장·CFO)을 영입해 자금·인력을 확보했고, 천안 신공장을 건설(2025년 준공 예정)해 믹싱 장비 생산능력을 연 2,500억원에서 5,500억원 규모로 확대하고 있습니다.","미국 배터리 공장 인근에 현지 제조·납품 거점을 세워 글로벌 믹싱 장비 시장을 선도하고 2026년 매출 5,000억원 달성을 목표로 합니다. 기술 측면에서는 LFP 배터리용 순환식 믹서(생산량 약 2배), 건식 믹싱/건식 전극, 전고체 배터리 대응 장비를 연구개발하며 차세대 배터리 공정으로 사업을 확장하려 합니다.","슬러리 믹싱·분체 계량·점도/분산 제어 등 배터리 전극 공정 장비의 기계·공정 엔지니어링 역량과, 건식 전극·전고체 등 차세대 공정 자동화에 대한 이해를 어필하면 유리합니다. 턴키 장비 설계·제어(PLC/HMI), CNT 분산 공정, 해외(미국) 현지 설비 셋업/엔지니어링 경험을 연결해 강조하는 것이 효과적입니다.","티에스아이 ""2차전지 믹싱 기술로 美 공략"" - 한국경제 https://www.hankyung.com/article/2024111396431 | 표인식 TSI 대표 인터뷰(자금확보·인재영입·CNT·미국·2026 매출 5천억 목표) - 뉴스톱 http://www.newstopkorea.com/news/articleView.html?idxno=22773 | 티에스아이, 2차전지 믹싱시스템 계약 체결(약 283억원, 2025) - 디지털투데이 https://www.digitaltoday.co.kr/aigongsi/4384/tsai-battery-mixing-system-contract | 티에스아이 사업보고서 - KIND 전자공시 https://kind.krx.co.kr/common/disclsviewer.do?method=search&acptno=20260323002131",high
엠피닉스(주),"초소형(마이크로) 글라스 광학렌즈와 광학요소를 설계·제조하는 B2B 기업으로, 광통신모듈용 마이크로렌즈가 주력이며 데이터센터·데이터통신 광모듈에 탑재됩니다. 매출의 약 98%가 수출에서 발생하며 구글 등 글로벌 고객사에 공급하고, 2024년 기준 매출 약 307억원 규모입니다.","AI 데이터센터·자율주행 라이다(LiDAR)용 초소형 광학렌즈 수요 대응을 위해 첨단산업단지 신규 부지에 약 550억원 규모의 공장 신축·설비 투자를 진행 중이며, 이에 맞춰 생산직·품질부 등 채용을 확대하고 있습니다. 세계 최초 '웨이퍼폼(wafer-form)' 기술과 0.4mm급 초소형 유리 비구면 렌즈 양산 기술을 신규 양산 라인에 적용하고 있습니다.",중장기 성장 축은 AI 데이터센터 광통신(실리콘 포토닉스·CPO 패키징) 확산과 자율주행 라이다 시장 성장에 따른 마이크로 광학렌즈 수요 증가입니다. 일본 등 기술 원조국을 앞서는 마이크로 광학 제조 기술력을 바탕으로 글로벌 톱티어 고객사 공급망 내 점유율 확대를 노립니다.,"정밀 광학부품의 대량 양산은 자동화 검사·핸들링·정밀 정렬(align) 공정이 핵심이므로, 마이크로미터 단위 정밀 측정, 머신비전 기반 품질검사, 양산 자동화 설비 운영·개선 경험을 강조하면 유리합니다. 웨이퍼폼/비구면 렌즈 양산 라인의 수율·공정 자동화 개선에 기여할 수 있다는 점을 구체적 사례로 어필하세요.","엠피닉스(광통신용 마이크로 렌즈) 기업정보 - THE VC, https://thevc.kr/mpnics | [르포]엠피닉스, 광통신 마이크로렌즈 생산...구글 등에 공급 - 전자신문, https://www.etnews.com/20160613000239 | 엔비디아가 쏘아 올린 CPO…국내 소부장도 수주 '러시' - 디일렉, https://www.thelec.kr/news/articleView.html?idxno=58033 | 엠피닉스(주) 기업정보 - 사람인, https://www.saramin.co.kr/zf_user/company-info/view/csn/dnRTdVZVQ1VCRGhWeGtmMmJiVGJPUT09",medium
(주)티더블유,"전기차용 2차전지(배터리) 제조 설비를 주력으로 하는 특수목적 기계·자동화 장비 제조사로, 전극 노칭(Notching)과 셀 적층(Z-스태킹) 등 핵심 공정 장비 및 자동화 라인 공급으로 매출을 낸다. 2025년 매출 약 990억원 규모의 평택 소재 중견기업이며, 2차전지 외에 반도체 장비(애셔 등) 사업도 병행한다.","2021년 반도체 애셔(Asher) 사업부를 인수해 반도체 장비 분야로 사업을 확장 중이며, SK이노베이션(현 SK온)향 Z-스태킹 장비를 미국·헝가리 등 해외 생산기지에 공급하고 헝가리·중국향 노칭 장비를 수주하는 등 글로벌 배터리 공장 증설에 대응한 해외 수주를 진행 중이다. 직원 수가 330명 규모까지 확대되며 설계·제어·생산 인력 채용을 지속하고 있다.","국내외 전기차·ESS 배터리 캐파 증설에 발맞춰 노칭·스태킹 중심 2차전지 장비 라인업을 고도화하고, 반도체 장비를 제2의 성장축으로 키우는 사업 다각화를 추진한다. 산업부 '월드클래스' 제품 선정 등을 바탕으로 매출 확대(이른바 비전 2025) 목표를 내세운 것으로 알려져 있으나, 구체적 중장기 수치 목표는 공식 공개 정보가 제한적이다.","노칭·Z스태킹 등 2차전지 조립공정 장비 설계, PLC/모션 제어, 자동화 라인 통합, 정밀 기계가공 경험을 강조하고, 해외(헝가리·미국·중국) 셋업·시운전 대응 역량과 반도체 장비 융합 이해를 어필하면 효과적이다. 고객사(SK온 등 배터리 메이커)의 양산성·생산속도(PPM) 향상에 기여한 경험을 정량적으로 제시할 것.","주식회사 티더블유 2025년 기업정보 (잡코리아) - https://www.jobkorea.co.kr/recruit/co_read/c/woowon6147 | (주)티더블유 기업/채용 정보 (경기도 일자리포털) - https://job.gg.go.kr/empmn/desEntDtl.do?bizrno=3178138534&entCd=L10128 | SK이노베이션, 생산성 높인 3세대 'Z-스태킹' 공법 도입 (디일렉) - https://www.thelec.kr/news/articleView.html?idxno=12868 | 티더블유테크놀로지 채용 - 설계팀/PLC제어 (잡코리아) - https://www.jobkorea.co.kr/Recruit/GI_Read/45800550",medium
네이버랩스(주),"네이버의 기술 연구개발 자회사로, 로보틱스·자율주행·디지털트윈·공간지능(AI 기반)을 핵심으로 연구하며 이를 네이버 플랫폼과 연계한 기술 솔루션·프로젝트 수주로 사업화한다. 대표적으로 성남 사옥 1784에 100대 이상의 서비스 로봇(루키)을 운영하는 로봇 친화 빌딩 솔루션과, 사우디아라비아 자치행정주택부(MOMRAH)와 체결한 도시 디지털트윈 구축 사업이 실제 매출·레퍼런스 기반이다.","'피지컬 AI' 밸류체인 구축을 위해 네이버 D2SF가 카멜레온(호텔 청소 로봇), 애니웨어 로보틱스(물류 자동화), 써머 로보틱스(머신비전) 등 미국 스타트업에 잇따라 투자하고 있다. 내부적으로는 CEO 직속 R-TF 조직이 공간지능·자율주행·디지털트윈을 수익 모델로 전환 중이며, MIT와 공동 개발한 휴머노이드 '미니노이드(ARC 계열)'를 사옥 내 커피 배달 서비스에 투입하는 것을 목표로 인력·연구를 확충하고 있다.","엔비디아 GPU 6만 개를 확보하고 향후 GPU에만 1조 원 이상을 투자해 피지컬 AI 연구개발을 강화할 계획이며, 자체 로봇 운영체제 '아크(ARC)'와 디지털트윈 기술 '얼라이크(ALIKE)'를 핵심 축으로 삼는다. 온라인 플랫폼을 오프라인 물리 세계로 확장해 글로벌 공간지능 리더십을 확보하는 것이 중장기 전략이다.","로봇 OS(ARC)·클라우드 기반 로봇 군집 제어, SLAM/고정밀 매핑, 센서 퓨전, 디지털트윈 등 '대규모 로봇이 하나의 시스템처럼 동작하는' 플랫폼 역량 경험을 강조하는 것이 효과적이다. 특히 실내 자율주행·휴머노이드(미니노이드/앰비덱스) 같은 피지컬 AI 실서비스 적용 및 검증 경험을 부각하면 좋다.",피지컬 AI 생태계 선점하는 네이버…1조 투자로 연구개발 총력 - 더팩트 https://news.tf.co.kr/read/economy/2300835.htm | NAVER LABS 공식 Research 페이지 https://www.naverlabs.com/research | 네이버랩스 핵심 기업분석(2026년 하반기) - 자소설닷컴 https://jasoseol.com/companies/4695/insights | 네이버랩스 - 나무위키 https://namu.wiki/w/네이버랩스,medium
발레오모빌리티코리아(주),"프랑스 글로벌 자동차 부품기업 발레오(Valeo)의 한국 법인으로, 자율주행·ADAS 핵심 전자부품(초음파 센서, 레이더, 라이다, 차량용 카메라, 컴퓨팅 유닛 등)의 연구개발과 양산으로 매출을 낸다. 대구 국가산업단지 공장에서 자동차 주차보조 센서를 첫 양산 제품으로 생산하기 시작했다.","대구시와 투자협약을 맺고 누적 약 1,500억 원(추가 753억 원 포함) 규모를 투입해 초음파 센서·레이더·컴퓨팅 유닛 등 자율주행 핵심부품의 대량 양산체계를 구축 중이다. 초음파 센서 라인을 가동하고 SMT·레이더 생산라인 및 AI 기반 자동화 설비를 증설하며 관련 인력을 채용하고 있다.","대구를 글로벌 첨단 자율주행 센서 생산 거점으로 육성하는 것이 중장기 전략으로, 2025년 매출 1,000억 원, 2030년 매출 6,000억 원 이상을 목표로 한다. 라이다·레이더·카메라 등 고부가 ADAS 부품으로 생산 포트폴리오를 확대하며 AI 기반 자동화로 기술 경쟁력과 공급망 안정성을 강화한다.","자율주행 센서 양산라인(SMT·레이더·초음파) 구축과 AI 기반 자동화 설비 증설이 핵심이므로, 스마트팩토리·생산자동화 설비 설계/운영, 센서 양산공정, 로봇/비전 기반 검사 경험을 강조하면 좋다. 신규 공장 스케일업 단계라는 점에서 라인 셋업·공정 개선 역량을 어필하면 타겟팅에 유리하다.","프랑스 발레오 753억 원 추가 투자… 대구 미래모빌리티 혁신 가속 - 대구시 (https://info.daegu.go.kr/newshome/mtnmain.php?mtnkey=articleview&mkey=scatelist&mkey2=2&aid=274552) | 발레오, 28일 자율차부품 생산 대구공장 준공 - 한국경제 (https://www.hankyung.com/article/202403282416h) | 글로벌 차부품 발레오, '대구를 자율주행센서 생산 거점으로'…753억 추가 투자 - 서울경제 (https://www.sedaily.com/NewsView/2H0EV21CB9)",medium
(주)마이크로인피니티,"2001년 설립된 항법센서·항법시스템 전문기업으로, 반도체 미세가공(MEMS) 공정으로 자이로스코프·가속도계·관성측정장치(IMU)를 개발·제조해 매출을 낸다. 2006년 개발한 디지털 자이로스코프 'CruizCore' 시리즈(XG1300L, R1370, MGM1500 등)를 로봇청소기, 차량용 항법(DR/GPS) 모듈, 산업·군수 분야에 공급하는 B2B 기업이다.","민수 항법센서를 넘어 국방용 고정밀 MEMS 센서(자이로·가속도계·압력센서)와 IMU 국산화에 역량을 집중하고 있으며, 국산 무인기(드론)와 유도탄에 자체 군수용 항법센서·시스템 적용을 추진 중이다. 이를 위해 MEMS 팹, 3축 모션 시뮬레이터 등 시험평가·개발 장비와 ISO/TS 기반 대량생산 체계를 구축했다.","무인기·유도무기 등 방산 항법시스템 국산화를 중장기 성장 동력으로 삼아 고정밀·고신뢰성 IMU 시장을 공략하는 전략을 보인다. 단, 구체적 중장기 로드맵·투자 규모에 대한 최신 공개 정보는 부족하다.","자율 이동체의 위치·자세 추정에 쓰이는 IMU/자이로·가속도계 센서퓨전, DR/GPS 항법, 칼만필터 기반 추정 경험을 강조하면 좋다. MEMS 센서 캘리브레이션, 임베디드 펌웨어, 모션 시뮬레이터 기반 시험평가, 로봇·무인기 항법 연동 프로젝트 경험이 직무 적합성을 부각한다.","마이크로인피니티, 로봇청소기부터 무인기·유도탄까지…항법센서 시장 공략 박차 - 전자신문, https://m.etnews.com/20150327001641 | [산업의 쌀, 부품소재기업을 가다] 항법센서·항법시스템 개발 전문기업 마이크로인피니티 - 파이낸셜뉴스, https://www.fnnews.com/news/201310031652439519 | CruizCore® 제품 소개 - 코머신, https://www.komachine.com/ko/companies/microinfinity | 마이크로인피니티(MEMS센서) 기업정보 - THE VC, https://thevc.kr/microinfinity",medium
(주)시스템알앤디,"2002년 설립된 공정·자동화 장비 전문 기업으로, FPD(평판 디스플레이) 설비와 UV 레진 도포·경화 기술을 기반으로 성장했다. LCD·OLED 패널 제조 모듈장비(Direct Bonding, Film Lamination, Module In-Line 등)와 2차전지/ESS 패키징·스태킹·배터리팩 조립 자동화 장비가 핵심 매출원이며, 2025년 기준 매출 약 1,243억원, 임직원 약 220명 규모의 중소기업이다.","디스플레이 공정장비 기술을 2차전지·친환경(전기/수소차, 수소연료전지) 분야로 확장 중이며, 자동차·모바일·가전·ESS용 2차전지 제조설비 사업을 키우고 있다. 또한 능동형 AI 관제 기반 스마트팩토리 중앙관제 솔루션, 레이저 응용 공정장비, 검사기, 푸드테크 자동화 생산설비를 신사업으로 추진하며 이에 맞춰 채용을 진행하고 있다(잡코리아·사람인·인크루트 등 채용 공고 확인).","디스플레이 단일 의존을 넘어 2차전지 핵심공정 장비 확대와 친환경 자동차 분야 사업 확장을 중장기 전략으로 내세우며, 장비 국산화로 축적한 기술력을 바탕으로 '종합 공정장비 전문기업'으로의 도약을 목표로 한다. 지속적인 고객 지향 R&D와 신성장 사업(스마트팩토리·푸드테크·레이저) 발굴을 통해 사업 다각화를 추진하고 있다.","2차전지 스태킹·패키징·배터리팩 조립 라인, 디스플레이 본딩/라미네이션 모듈장비, UV LED 경화, 레이저 응용 등 정밀 공정 자동화 장비 설계·제어 경험을 강조하면 좋다. 더불어 AI 관제 기반 스마트팩토리 통합·검사 자동화 역량을 어필하면 신사업 확장 방향과 정합성이 높다.",시스템알앤디 공식 홈페이지 - https://www.systemrnd.com/ | 코머신 (주)시스템알앤디 판매자/제품 소개 - https://www.komachine.com/ko/companies/system-r-d | (주)시스템알앤디 2026년 기업정보(매출·직원수) - 사람인 - https://www.saramin.co.kr/zf_user/company-info/view/csn/VDNnbyszZ1hNUkFISEt3aW1yM0tJUT09/company_nm/(%EC%A3%BC)%EC%8B%9C%EC%8A%A4%ED%85%9C%EC%95%8C%EC%95%A4%EB%94%94 | 2026년 주식회사 시스템알앤디 채용 기업정보 - 인크루트 - https://www.incruit.com/company/1689382513/,medium
(주)레이언스,"바텍 네트웍스 그룹의 코스닥 상장 계열사로, 치과용·의료용·동물용·산업용 디지털 X-ray 디텍터(평판 검출기)를 설계·제조·판매하는 것이 주력 매출원이다. CMOS Wafer 설계, TFT 패널 개발, 섬광체(scintillator) 검출 기술을 모두 자체 보유한 디텍터 풀라인업 전문기업으로 2022년 매출 약 1,471억 원, 영업이익 약 261억 원을 기록했다.","자율주행/라이다(LiDAR)용 SPAD 기술을 세계 최초로 X-ray 디텍터에 도입해(ISSCC 2023 연세대 공동 논문) 감도 2.5배·속도 4배 이상의 차세대 3D 디텍터를 개발, 양산화를 추진 중이다. 또한 공항·우체국·군사시설 보안/폭발물 검사용 산업·보안 디텍터 사업을 확장해 글로벌 진출 1년 만에 매출 100억 원을 달성하는 등 산업용·동영상(동적) 디텍터 라인을 신성장 동력으로 키우고 있다.","SPAD 기반 고사양 디텍터를 임상·인증 단계를 거쳐 수년 내 양산해 기술 초격차로 고부가가치 디텍터 시장을 선점하고, 스마트팩토리·산업검사 등 비(非)의료 영역으로 적용처를 넓히는 것이 중장기 전략이다. 의료 외 산업·보안·동영상 디텍터로 매출 포트폴리오를 다변화하는 방향으로 보인다.","스마트팩토리/산업검사용 동영상 디텍터, 보안 검사 자동화, 검사 영상 처리·정밀 기구 설계 등 자동화·엔지니어링 역량과의 접점을 강조하면 좋다. 반도체/CMOS 센서, 광학·전자부품 검사 자동화, 측정·정밀 시스템 경험을 SPAD 양산화·산업용 디텍터 사업과 연결해 어필하면 효과적이다.","레이언스 기업개요 - Rayence (https://www.rayence.com/company/10809) | 레이언스, SPAD 기술 적용한 차세대 디텍터 기술 세계 최초로 선보여 - Rayence (https://www.rayence.com/news/58767) | [소식] 레이언스 산업·보안용 디텍터, 글로벌 진출 1년만에 매출 100억 달성 - 바텍 (https://www.vatech.co.kr/news/471) | 레이언스, 디지털 엑스레이 디텍터 전문기업 - 한국경제 (https://www.hankyung.com/article/202207173628i)",medium
(주)오토노머스에이투지,"2018년 현대차 출신 연구원들이 창업한 자율주행(Lv.4) 기술 기업으로, 자율주행 버스·셔틀 실증 운영, 라이다 기반 플랫폼(LIS/LSS), 정밀지도·관제 등 스마트시티/대중교통 솔루션이 매출의 대부분(약 96%)을 차지한다. 정부·지자체 R&D 과제와 실증 사업을 기반으로 2025년 매출 약 160억 원의 창사 최대 실적을 달성했다.","운전석 없는 무인 차량인 'Middle Shuttle'(최대 9인승)과 화물용 'Small Delivery'(300kg, 1회 충전 240km)를 개발 중이며, 서울 새벽동행 자율주행버스(도봉~약 25.7km) 등 대중교통 실증을 확대하고 있다. 2023년 시리즈B 340억, 2024년 시리즈C 300억 유치(누적 540억+)로 차량·연구 인력 확충과 무인화 기술 고도화에 투자하고 있다.","차량 공급을 넘어 관제·정밀지도·원격제어·인프라를 아우르는 통합 수익모델로 확장하며 2026년 내 IPO(흑자 전환 기반)를 추진하고 있다. 싱가포르·UAE·일본 자율주행 택시 실증 등 해외 진출을 본격화하고 있으며, 가이드하우스 글로벌 자율주행 리더보드 2025년 세계 7위에 올랐다.","국내 최대 차량 대수·최장 누적 주행거리(62만km급)의 실차 데이터 강점을 가진 만큼, 자율주행 인지·판단·제어 SW, 라이다/센서 퓨전, 원격관제·정밀지도, 무인차량 시스템 통합 등 실증·양산 경험을 강조하면 좋다. Lv.4 무인화와 해외 실증(택시/셔틀) 확장 기조에 맞춰 안전성 검증·로보틱스 자동화 역량을 어필하라.","오토노머스에이투지, 2025년 매출 160억 원 돌파…역대 최대 실적 - 다나와자동차 (https://mauto.danawa.com/news/index.php?Work=detail&no=5963117) | 오토노머스에이투지, 자율주행 LV4 기준의 무인 차량 개발 중 - 기계신문 (https://kidd.co.kr/news/237550) | 오토노머스에이투지, 340억원 시리즈B 투자 유치 '25년 상장 목표' - 와우테일 (https://wowtale.net/2023/10/10/64380/) | '오토노머스에이투지', 글로벌 역량 입증…기술 주권·경쟁력 확보 집중 - 시사저널e (https://www.sisajournal-e.com/news/articleView.html?idxno=411891)",high
(주)코세스,"1994년 설립, 2006년 코스닥 상장한 반도체 후공정 장비 전문기업으로, 솔더볼 어태치(Solder Ball Attach), 패키지 적층(PKG Stack), 레이저 커팅·마킹·리페어 등 레이저 응용장비를 삼성전자, SK하이닉스, ASE, 앰코어 등에 공급한다. 2025년 3분기 누적 매출 비중은 반도체 약 34%, 레이저 응용장비 약 26%, 2차전지 장비 약 16%로 구성된다.","현재 가장 강한 성장 모멘텀은 미국 블룸에너지(Bloom Energy)향 SOFC(고체산화물 연료전지) 전극 셀 제조 자동화 장비 공급으로, AI 데이터센터 전력 수요 급증에 대응해 신규 수주·매출 인식이 본격화되고 있다. 이와 함께 AI·HBM 슈퍼사이클에 맞춰 반도체 고객사의 리플로우·후공정 장비 투자가 확대되고 있으며, 에노빅스 등 2차전지 장비 수주도 늘고 있다.","중장기적으로 반도체 정밀 장비 기술을 SOFC 연료전지·AI 전력 인프라 영역으로 확장하는 사업 다각화를 핵심 전략으로 삼고 있으며, 증권사 리포트는 2026년 매출 약 1,842억 원, 영업이익 약 471억 원으로 큰 폭의 실적 레벨업을 전망한다. HBM 등 고부가 첨단 패키징 장비 수요와 데이터센터용 연료전지 증설 사이클이 미래 먹거리로 지목된다.","레이저 가공·정밀 본딩/리플로우, 솔더볼 어태치 등 반도체 후공정 자동화 장비 설계·제어 경험과, 다축 정밀 스테이지·비전 정렬·공정 자동화(셀 제조 라인) 역량을 강조하면 좋다. 특히 반도체와 SOFC·2차전지를 아우르는 자동화 장비 통합 경험이나 글로벌 고객사 대응 엔지니어링 역량을 부각하면 사업 다각화 방향성과 정합성이 높다.","코세스 - 기업개요, 기업모니터(WISEreport) https://comp.wisereport.co.kr/company/c1020001.aspx?cmp_cd=089890 | 2026.02.26 증권사리포트 '코세스 SOFC 증설 사이클 초입, 실적 레벨업 시작' (SK증권) https://files-scs.pstatic.net/2026/02/26/yl5mYUK3pa/260226(목)%20증권사리포트.pdf | 코세스, 반도체·이차전지 침체에 커지는 적자 폭 - 이투데이 https://www.etoday.co.kr/news/view/2424883 | 코세스(089890) Snapshot - FnGuide Company Guide https://comp.fnguide.com/SVO2/ASP/SVD_Main.asp?gicode=A089890",medium
(주)서울스탠다드,"군수용·산업용 견고화(러기드) 노트북, 러기드 PC·디스플레이, 군용 전시기/제어기기를 개발·제조하는 방위산업 중소기업이다. 1995년부터 견고화 노트북 개발에 착수해 2001년 국내 최초 독자 기술로 미 육군 인증을 통과했으며, 2023년 매출 약 377억 원, 영업이익 약 11.6억 원 규모다.","현재 H/W 개발, FPGA 로직설계, 제조기술, 임베디드 SW 등 엔지니어링 직무를 중심으로 다수의 정규직 채용을 진행 중이며(잡코리아·인크루트 채용공고 기준), 국방·항공 분야 첨단 견고화 장비 및 자체 개발 소프트웨어 라인을 확대하고 있다. 신사업·대규모 투자에 대한 별도의 공식 공시·IR 자료는 공개 정보 부족이다.","전년 대비 매출 20% 이상 성장(재무평가 상위 9%)을 기록하며 방산 견고화 컴퓨팅을 핵심 성장축으로 삼고 있는 것으로 보이나, 중장기 성장 전략·미래 먹거리에 대한 CEO 인터뷰나 IR 등 객관적 출처는 공개 정보 부족이다.","극한 환경(진동·온습도·충격) 대응 견고화 설계, FPGA/임베디드 SW, 군 규격(MIL-STD)·인증 경험을 강조하면 좋다. 로보틱스/자동화 지원자라면 임베디드 제어, 하드웨어-소프트웨어 통합, 견고화 메커니컬/전장 설계 역량을 방산 신뢰성 요구와 연결해 어필하는 것이 효과적이다.",(주)서울스탠다드 채용 기업정보 - 잡코리아: https://www.jobkorea.co.kr/recruit/co_read/c/jhshin8 | 서울스탠다드 2026년 기업정보(매출·재무·채용) - 잡코리아/캐치/나이스비즈인포: https://www.nicebizinfo.com/ep/EP0100M002GE.nice?kiscode=569160 | (주)서울스탠다드 기업개요 - bizno: https://bizno.net/article/1068157509 | 서울스탠다드 공식 홈페이지: http://sstandard.co.kr/ko/,medium
(주)진성티이씨,"건설·토목 중장비(굴삭기 등)의 하부 주행체(언더캐리지) 부품 전문 제조사로, Track Roller, Carrier Roller, Front Idler, Sprocket 등을 생산한다. 세계 최대 중장비 업체 캐터필러(CAT)와 두산밥캣, 볼보, HD현대 등에 납품하며 매출의 약 96%가 건설중장비 부품에서 발생한다.","2017년경부터 시작한 연료전지 부품 사업이 신사업으로, 두산퓨얼셀에 매니폴드·압력판 등 발전용 연료전지 부품을 공급한다(2024년 기준 매출 비중 약 3.4%). 북미 캐터필러향 수요 확대에 대응한 생산능력 확충과 수소차 부품 개발도 추진 중이다.","'세계 초일류 Total Undercarriage Provider'를 비전으로, 0.7톤 초소형부터 30톤 이상 초대형 장비까지 풀라인업 부품 공급 역량을 강화하고 있다. 북미 인프라 투자에 따른 캐터필러향 매출 성장과 연료전지·수소 등 친환경 에너지 부품으로의 사업 다각화가 중장기 성장축이다.","정밀 주조·열처리·기계가공이 핵심인 언더캐리지 부품 제조 특성상, 자동화 가공라인·공정 자동화·품질검사 자동화(비전/측정) 경험과 글로벌 OEM(캐터필러) 품질 대응 역량을 강조하면 좋다. 연료전지 부품 등 신사업 정밀가공·생산기술 엔지니어링 관심을 연결하면 차별화된다.","진성티이씨, 북미 고객사향 매출로 실적 성장 전망 - 데일리인베스트 http://www.dailyinvest.kr/news/articleView.html?idxno=63190 | [뉴스핌 라씨로] 진성티이씨, 신사업 '연료전지' 성장…""수소차 부품도 개발"" https://www.newspim.com/news/view/20210304000183 | 진성TEC - 위키백과 https://ko.wikipedia.org/wiki/%EC%A7%84%EC%84%B1TEC | 캐터필러 20% 올랐는데…부품업체 진성티이씨 - 한국경제 https://www.hankyung.com/finance/article/202103096900i",medium
(주)에스더블유엠,"차량용 자율주행 소프트웨어 및 자율주행 도메인 컨트롤러(암스트롱/Armstrong, AP-500 등)를 개발·공급하는 자율주행 솔루션 기업이다. 차량용 인포테인먼트(IVI) 소프트웨어 사업에서 출발해 자율주행 인지·판단·제어 풀스택 소프트웨어와 로보택시 운영을 핵심 사업으로 한다.","2024년 국내 최초로 서울 강남에서 로보택시 서비스를 상용화했으며, 2026년 현재 운행 권역을 강남 시범운행지구 전역(20.4㎢)으로 확대하고 차량을 5대로 증차, 유료화를 추진 중이다. 자율주행 Vision/LiDAR 인지, SLAM, 주행계획(Planning) AI, 임베디드 SW 등 다수 직군을 활발히 채용하며 차세대 컨트롤러 AP-700 공동 개발을 진행하고 있다.","레노버(차량용 하드웨어·엣지 컴퓨팅)·엔비디아(DRIVE AGX Thor, VLA 모델 '알파마요')와 협력해 2,000 TOPS급 차세대 플랫폼 AP-700 기반의 Lv.4 완전 무인 자율주행 상용화를 목표로 한다. 강남 실증 데이터를 경쟁력으로 일본·동남아시아·중동 등 해외 시장 단계적 진출을 추진한다.","멀티센서(카메라·레이더·라이다) 동기화와 인지(Vision/LiDAR)·SLAM·주행계획 AI, NPU/CPU/MCU 통합 임베디드 시스템, 엔비디아 DRIVE/Thor 및 VLA 모델 경험을 강조하면 좋다. 실차·실도로 데이터 기반의 자율주행 검증·운영 경험과 차량 제어 엔지니어링 역량을 연결하면 타겟팅에 유리하다.","에스더블유엠(SWM), '강남 로보택시' 엔비디아 GTC 2026 레노버 부스서 실차 전시 - 헤럴드경제, https://biz.heraldcorp.com/article/10696198 | SWM, 강남 자율주행 로보택시 유료화 및 서비스 권역 확대 - SENTV, https://www.sentv.co.kr/article/view/sentv202604080105 | 에스더블유엠, 레노버와 차세대 자율주행 로보택시 '맞손' - 파이낸셜뉴스, https://www.fnnews.com/news/202606080946491996 | (주)에스더블유엠 채용 - 자율주행 Vision/LiDAR 인지 개발 엔지니어, https://www.jobkorea.co.kr/Recruit/GI_Read/45940052",high
(주)로보스타,"1999년 설립된 코스닥 상장 산업용 로봇 전문기업으로, 다관절 로봇·직교(직교좌표) 로봇 등 산업용 로봇과 자동화 장비의 개발·생산·판매·서비스로 매출을 낸다. 반도체·2차전지·디스플레이 공정 자동화 장비가 주력이며, 2018년 LG전자가 최대주주로 편입했다. 매출은 2022년 1,432억 원에서 2024년 891억 원으로 감소하는 등 업황 영향을 받고 있다.","반도체 EFEM(전공정 모듈) 및 유리기판용 이송장비 등 반도체 장비 사업으로 확장 중이며, 디스플레이 기판 이송 기술을 기반으로 국내외 파운드리·반도체 제조사에 공급 실적을 쌓고 있다. 또한 중견·중소기업용 스마트팩토리 RPS(Robotic Production System) 장비를 'A12 수직다관절 로봇' 기반으로 개발해 외부 판매를 추진하고, 글로벌 파트너와 로봇AI 통합제어 플랫폼 개발을 진행 중이다.","반도체·스마트팩토리·로봇AI 통합제어 플랫폼을 축으로 차세대 휴머노이드 제어 시장 진입을 모색하고 있다. 배병주 대표는 단순 로봇 납품을 넘어 로봇 시스템 공급과 전문 유지보수·운영 서비스까지 제공하는 방향을 제시했으며, 미국 등 현지에 엔지니어를 파견해 스마트팩토리 구축 후 운영 서비스 시장 진입을 추진한다.","다관절/직교 로봇 제어, 반도체·디스플레이 이송장비(EFEM), AI·비전 인식 기반 로봇 제어와 스마트팩토리 시스템 통합(SI) 역량을 강조하면 유리하다. 현지 운영·유지보수 서비스 확대 기조에 맞춰 로봇 시스템 통합과 필드 엔지니어링, 운영 노하우 관련 경험을 어필하는 것이 효과적이다.","로보스타, 산업용 로봇 넘어 반도체·스마트팩토리로 확장 - 전자신문 https://www.etnews.com/20251211000240 | LG전자 두 로봇회사 '극과 극'…로보스타 vs 로보티즈 - 한국금융신문 https://www.fntimes.com/html/view.php?ud=202511302246372938dd55077bc2_18 | 로보스타 - 위키백과 https://ko.wikipedia.org/wiki/로보스타",medium
(주)엔시스,"2002년 설립된 머신비전 기반 이차전지(배터리) 검사장비 전문기업으로, B2B 맞춤형 검사장비 판매와 유지보수가 주력 매출원이다. 전극·조립·활성화(화성)·모듈 등 배터리 전공정 비전검사 장비를 국내에서 거의 유일하게 턴키로 공급하며, LG에너지솔루션·삼성SDI 등 국내 배터리 3사가 주요 고객사다.","2022년 포메이션(충·방전) 전문업체 '갑진'에 100억원을 투자(지분 약 14%)해 배터리 후공정 장비로 영역을 확장했고, 2025년 6월 포메이션사업부를 신설했다. 동시에 노르웨이 모로우배터리 등 해외로 고객사를 다변화하며 조립공정 자동화 설비, 화성공정 설비, 부품가공으로 사업을 넓히고 있다.",검사장비를 넘어 전극·조립·포메이션을 아우르는 종합 배터리 장비 솔루션 기업으로의 전환을 추진하고 있다. 2024년 9월 산업통상자원부 국책과제 협약을 통해 전고체 배터리 비전검사 등 차세대 배터리 검사 기술 개발에 나서며 중장기 성장동력을 확보하고 있다.,"머신비전·고속 고정밀 위치제어 기반 자동화 이송/조립 역량이 핵심이므로, 비전 검사 알고리즘(결함·핀홀·웰딩·정렬 검사), 로봇 이송 제어, 배터리 공정 자동화 설비 설계·제어 경험을 구체적 수치와 함께 강조하면 좋다. 전고체·후공정 확장과 해외 수주 다변화 맥락을 짚으며 신공정 대응력을 어필하는 것이 유리하다.","엔시스, 배터리 장비 업체 '갑진' 100억원 투자…후공정 업계 재편 - https://n-sys.co.kr/kr/sub/pr/news_view.asp?idx=91 | 매출처 다변화 성공한 엔시스, 국내 배터리 3사부터 모로우배터리까지 고객사로 확보 - 디일렉 https://www.thelec.kr/news/articleView.html?idxno=26805 | 잇따른 전기차 리콜…2차전지 검사장비 끝판왕 떠오르는 기업 - 한국경제 https://www.hankyung.com/finance/article/202109106820i | 엔시스 공식 홈페이지(사업분야) - https://n-sys.co.kr/kr/",high
대한상공회의소,"대한상공회의소(KCCI)는 영리기업이 아니라 전 업종 상공업자를 회원으로 하는 한국 경제계 대표 단체로, 회원 서비스·정책 조사연구(코참넷), 국가기술·민간자격 등 14개 종목의 자격검정 사업, 무역증명·유통물류 지원, 8개 인력개발원을 통한 직업훈련(인력개발) 사업이 핵심 수익·운영 기반이다.","현재 AI·빅데이터·핀테크·클라우드 인재 양성을 중점 신사업으로 추진 중이며, AI+ Academy(Microsoft AI 엔지니어, Nvidia AI 코어 엔지니어, Intel On-Device AI, Salesforce AI CRM 등 직무별 과정), 청년 AI·빅데이터 아카데미, 청년취업사관학교 AI특화 캠퍼스, 디지털선도기업아카데미, WORK.AI 등 디지털·신기술 교육 사업과 교육생 모집을 활발히 진행하고 있다.","AI 등 신기술 인재가 향후 5년간 58만 명 이상 부족하다는 자체 분석을 토대로, 산업 디지털 전환(DX) 확산과 신기술 인력 양성을 중장기 성장 축으로 삼아 중견·중소기업 DX 진단·매칭, 디지털 전환 지원협의체 운영, 제조업 신사업·기업환경 개선 정책연구를 강화하고 있다.","로보틱스/자동화/엔지니어링 지원자라면 KCCI의 산업 디지털 전환(DX)·스마트제조 확산 정책 및 On-Device AI·AI 엔지니어 교육사업과 연결해, 제조 자동화 현장의 디지털화 역량과 기업 지원 프로그램 운영·기획 경험을 강조하면 효과적이다.",대한상공회의소 소개/정부위탁사업·코참넷(korcham.net) https://www.korcham.net/nCham/Service/Kcci/appl/Govbusiness.asp | 자격평가사업단 기관소개 - 국가기술·민간 14개 종목 자격검정 (license.korcham.net) https://license.korcham.net/kor/kcci/license.jsp | 대한상공회의소 채용 - AI+ Academy 교육생 모집 (잡코리아/잡소설) https://jasoseol.com/recruit/103718 | WORK.AI - 대한상공회의소 디지털·신기술 훈련 https://www.korcham-workai.net/main/index.jsp,medium
삼보에이앤티(주),"삼보모터스그룹 계열의 자동차 플라스틱 부품 전문 제조사로, 1996년부터 차량용 도어핸들, 키세트, 연료도어, 안테나 등을 글로벌 OEM에 공급한다. 2024년 매출 약 1억 2,600만 달러 중 약 2/3가 도어핸들, 1/3이 키세트에서 발생한다.","유일로보틱스·윌두와 함께 2022년 7월~2026년 5월 'K-스마트등대공장' 육성사업을 추진해 물류 자동화(무인지게차로봇 FMR), AI 사출 불량 예측, 생산계획 최적화(APS), SCADA·디지털트윈 실시간 관제 등 149개 모듈을 구축하고 정부 최종평가 '성공' 판정을 받았다. 또한 박지훈 CEO 주도로 수소연료 기반 무인항공기(UAM) 신사업을 개발해 국토교통부 지정구역 시범운영 승인을 확보했다.",향후 3~5년 성장엔진으로 현지 공급망 구축을 통한 글로벌 OEM 직접거래 확대(지역화)와 팝업 도어핸들 등 차량 설계 변화에 대응하는 제품 혁신을 제시한다. 그룹 차원에서는 수소 기반 에어모빌리티(UAM)를 중장기 미래 먹거리로 육성 중이다.,"로봇 페인팅, 자동화 조립, 무인지게차로봇 기반 물류자동화, AI 품질예측, 디지털트윈/SCADA 등 실제 구축된 스마트팩토리 모듈과 연결해 산업 자동화·제조 데이터·머신비전/품질예지 역량을 강조하면 좋다. UAM/수소 무인항공기 신사업 관심을 더하면 그룹 미래전략과의 정렬도를 보여줄 수 있다.","유일로보틱스, 삼보에이앤티 K-스마트등대공장사업 최종평가 통과 - 로봇신문, https://www.irobotnews.com/news/articleView.html?idxno=46703 | How Sambo A&T Is Driving Production Innovation in Automotive Plastic Parts in South Korea - The Worldfolio (박지훈 CEO 인터뷰), https://www.theworldfolio.com/interviews/how-sambo-at-is-driving-production-innovation-in-automotive-plastic-parts-in-south-korea/7218/ | 삼보에이앤티 회사소개, http://www.samboant.com/company | “하늘에서 찾은 미래” 삼보모터스그룹 에어모빌리티 - 월간수소경제, https://www.h2news.kr/news/articleView.html?idxno=13453",high
